timestamp,predicted_return,confidence,direction,realized_return,predicted_sign,realized_sign
2026-07-06 00:00:00+00:00,-0.004456274628540883,0.0534752955424906,sell,-0.0038867326909350617,-1,-1
2026-07-06 01:00:00+00:00,0.001237614380606622,0.014851372567279463,buy,-0.0014555144403826375,1,-1
2026-07-06 02:00:00+00:00,0.0012663524070555298,0.015196228884666357,buy,-0.0022425170010820145,1,-1
2026-07-06 03:00:00+00:00,0.0020970635503718867,0.02516476260446264,buy,-0.0009720684830674763,1,-1
2026-07-06 04:00:00+00:00,0.0008287328862705441,0.009944794635246529,buy,-0.0022047492097774287,1,-1
2026-07-06 05:00:00+00:00,0.0024823878423800333,0.0297886541085604,buy,-0.002497097054214534,1,-1
2026-07-06 06:00:00+00:00,0.001805181340962123,0.021662176091545478,buy,0.0015200917705960155,1,1
2026-07-06 07:00:00+00:00,-0.001521864209290175,0.0182623705114821,sell,-0.003819851945472591,-1,-1
2026-07-06 08:00:00+00:00,0.0035000257728923533,0.04200030927470824,buy,-0.003896802696043659,1,-1
2026-07-06 09:00:00+00:00,0.0038328520628758676,0.04599422475451041,buy,0.007062154923891261,1,1
2026-07-06 10:00:00+00:00,-0.007350119775757832,0.08820143730909398,sell,-0.006464945316161132,-1,-1
2026-07-06 11:00:00+00:00,0.0057011787764999515,0.06841414531799941,buy,-0.010678320565570339,1,-1
2026-07-06 12:00:00+00:00,0.01064113269953486,0.12769359239441833,buy,0.002320705402533355,1,1
2026-07-06 13:00:00+00:00,-0.0032975418291963203,0.039570501950355844,sell,0.003948672982250957,-1,1
2026-07-06 14:00:00+00:00,-0.0049468745213706875,0.05936249425644825,sell,0.021001495621596297,-1,1
2026-07-06 15:00:00+00:00,-0.020875594796386163,0.25050713755663395,sell,0.0022028771588476015,-1,1
2026-07-06 16:00:00+00:00,-0.005143835639939826,0.061726027679277914,sell,-0.002370977009891158,-1,-1
2026-07-06 17:00:00+00:00,9.340613798106148e-05,0.0011208736557727379,buy,0.0024716763781553425,1,1
2026-07-06 18:00:00+00:00,-0.0031296856322171065,0.037556227586605276,sell,4.462592319874559e-05,-1,1
2026-07-06 19:00:00+00:00,-0.0016354451267224742,0.019625341520669692,sell,0.00015618376135119742,-1,1
2026-07-06 20:00:00+00:00,-0.001565819787770651,0.01878983745324781,sell,0.01218043099986623,-1,1
2026-07-06 21:00:00+00:00,-0.013593037804288444,0.16311645365146132,sell,-0.004727585294895615,-1,-1
2026-07-06 22:00:00+00:00,0.0012408296900757372,0.014889956280908846,buy,-0.003731384598350224,1,-1
2026-07-06 23:00:00+00:00,0.0025752224540671336,0.030902669448805604,buy,0.002322790015337118,1,1
2026-07-07 00:00:00+00:00,-0.002026471928617286,0.024317663143407435,sell,-0.0061538802709924425,-1,-1
2026-07-07 01:00:00+00:00,0.005749574420200302,0.06899489304240362,buy,-0.007848759371653071,1,-1
2026-07-07 02:00:00+00:00,0.007603545480383779,0.09124254576460536,buy,-0.003941368627605318,1,-1
2026-07-07 03:00:00+00:00,0.004333516196472689,0.05200219435767227,buy,-0.002839305470884403,1,-1
2026-07-07 04:00:00+00:00,0.002725077542358681,0.03270093050830417,buy,0.00229263018459916,1,1
2026-07-07 05:00:00+00:00,-0.0031328695793208807,0.03759443495185057,sell,0.004817630381005079,-1,1
2026-07-07 06:00:00+00:00,-0.005742494671713104,0.06890993606055726,sell,-0.004423560094654008,-1,-1
2026-07-07 07:00:00+00:00,0.0034928585247808864,0.041914302297370636,buy,-0.00025970506537794784,1,-1
2026-07-07 08:00:00+00:00,8.372473174673986e-05,0.0010046967809608782,buy,0.004167654931725064,1,1
2026-07-07 09:00:00+00:00,-0.0044286445949050825,0.05314373513886099,sell,-0.0013272146488505687,-1,-1
2026-07-07 10:00:00+00:00,0.0008414580097257511,0.010097496116709013,buy,0.002798738596688832,1,1
2026-07-07 11:00:00+00:00,-0.0032473730342207153,0.038968476410648586,sell,0.00067386579962603,-1,1
2026-07-07 12:00:00+00:00,-0.0012494098306825418,0.014992917968190501,sell,-0.007272849711274621,-1,-1
2026-07-07 13:00:00+00:00,0.007818105640605812,0.09381726768726975,buy,0.011560138156369974,1,1
2026-07-07 14:00:00+00:00,-0.012585125854975085,0.151021510259701,sell,0.004465034144378756,-1,1
2026-07-07 15:00:00+00:00,-0.0056922008435534455,0.06830641012264135,sell,0.002659322929705957,-1,1
2026-07-07 16:00:00+00:00,-0.003621778883285487,0.04346134659942584,sell,0.004527723986394679,-1,1
2026-07-07 17:00:00+00:00,-0.004643619699235182,0.05572343639082218,sell,-0.013140814962521992,-1,-1
2026-07-07 18:00:00+00:00,0.01184401364785814,0.14212816377429768,buy,0.0021549311541476193,1,1
2026-07-07 19:00:00+00:00,-0.0019861836465236643,0.023834203758283972,sell,-0.003535424055405152,-1,-1
2026-07-07 20:00:00+00:00,0.002665687401947063,0.031988248823364755,buy,-0.0057619442638387405,1,-1
2026-07-07 21:00:00+00:00,0.005591117072421633,0.0670934048690596,buy,0.0009640102827763702,1,1
2026-07-07 22:00:00+00:00,-0.001435500279143102,0.017226003349717224,sell,-0.00230914364563088,-1,-1
2026-07-07 23:00:00+00:00,0.0014668679102103834,0.017602414922524602,buy,0.004990262214569939,1,1
2026-07-08 00:00:00+00:00,-0.0053895521951663975,0.06467462634199678,sell,-0.013677546916513551,-1,-1
2026-07-08 01:00:00+00:00,0.013507991100126956,0.16209589320152346,buy,0.0009567525086277642,1,1
2026-07-08 02:00:00+00:00,-0.001522754155417865,0.01827304986501438,sell,-0.0033226749809400886,-1,-1
2026-07-08 03:00:00+00:00,0.002016987147205644,0.024203845766467728,buy,0.0026944022651246317,1,1
2026-07-08 04:00:00+00:00,-0.0024743615518836946,0.029692338622604335,sell,-0.0013435809849131227,-1,-1
2026-07-08 05:00:00+00:00,0.0012272506932237291,0.014727008318684748,buy,-0.0013282862257289352,1,-1
2026-07-08 06:00:00+00:00,0.0010336370599434213,0.012403644719321056,buy,0.0027913986105799716,1,1
2026-07-08 07:00:00+00:00,-0.0032665912939229525,0.03919909552707543,sell,-0.012170547048443165,-1,-1
2026-07-08 08:00:00+00:00,0.011787112789129067,0.14144535346954878,buy,0.00042067169167647365,1,1
2026-07-08 09:00:00+00:00,0.0004832200637552818,0.0057986407650633814,buy,0.0018951067077560921,1,1
2026-07-08 10:00:00+00:00,-0.0010902899865172253,0.013083479838206704,sell,0.00495015350650254,-1,1
2026-07-08 11:00:00+00:00,-0.004507869455954175,0.0540944334714501,sell,-0.00536056523355938,-1,-1
2026-07-08 12:00:00+00:00,0.005306473629676197,0.06367768355611436,buy,-0.0004946565588008029,1,-1
2026-07-08 13:00:00+00:00,0.0016302318553981542,0.01956278226477785,buy,-0.0046612802983220175,1,-1
2026-07-08 14:00:00+00:00,0.005035738647552809,0.06042886377063371,buy,-0.0038505567696949937,1,-1
2026-07-08 15:00:00+00:00,0.005884994550717444,0.07061993460860932,buy,0.007788921391094438,1,1
2026-07-08 16:00:00+00:00,-0.005891852157113724,0.07070222588536469,sell,-0.0018601918934795483,-1,-1
2026-07-08 17:00:00+00:00,0.0014844610807793382,0.017813532969352057,buy,0.0024868014886189568,1,1
2026-07-08 18:00:00+00:00,-0.0017148228939715866,0.02057787472765904,sell,0.002025945921057165,-1,1
2026-07-08 19:00:00+00:00,-0.0022287426852806084,0.0267449122233673,sell,-0.0026192144654159986,-1,-1
2026-07-08 20:00:00+00:00,0.0024234444990079364,0.02908133398809524,buy,0.0009444719595488837,1,1
2026-07-08 21:00:00+00:00,-0.000853958719653504,0.010247504635842048,sell,0.0019216827957608746,-1,1
2026-07-08 22:00:00+00:00,-0.002112809935653355,0.025353719227840257,sell,0.0012288962903410318,-1,1
2026-07-08 23:00:00+00:00,-0.0009670265383277079,0.011604318459932494,sell,-0.0030512635213416016,-1,-1
2026-07-09 00:00:00+00:00,0.003280582768525571,0.039366993222306856,buy,-0.003699186524145427,1,-1
2026-07-09 01:00:00+00:00,0.004140397747068853,0.049684772964826235,buy,-0.002592693109441681,1,-1
2026-07-09 02:00:00+00:00,0.003965378110247219,0.04758453732296662,buy,0.001968389972789956,1,1
2026-07-09 03:00:00+00:00,-0.0010369644801070483,0.01244357376128458,sell,0.0068238285086958715,-1,1
2026-07-09 04:00:00+00:00,-0.006958216219243757,0.08349859463092509,sell,0.0039483274127552264,-1,1
2026-07-09 05:00:00+00:00,-0.004174111401041491,0.050089336812497894,sell,0.0033554553301435876,-1,1
2026-07-09 06:00:00+00:00,-0.003454720840990041,0.041456650091880494,sell,-0.0011109465264405533,-1,-1
2026-07-09 07:00:00+00:00,0.0015003228770787936,0.018003874524945524,buy,0.0006501987669037992,1,1
2026-07-09 08:00:00+00:00,0.000285493922242425,0.0034259270669091003,buy,0.0007580723303599004,1,1
2026-07-09 09:00:00+00:00,-0.00020984194558411453,0.002518103347009374,hold,-0.0053936142341295765,-1,-1
2026-07-09 10:00:00+00:00,0.0056078989068568405,0.06729478688228209,buy,-0.0013113364751962502,1,-1
2026-07-09 11:00:00+00:00,0.0018577499114376462,0.022292998937251753,buy,-0.0012729211820965512,1,-1
2026-07-09 12:00:00+00:00,0.001519588458304021,0.01823506149964825,buy,0.0029796761970375786,1,1
2026-07-09 13:00:00+00:00,-0.002781232259492708,0.033374787113912494,sell,-0.0022037905196938216,-1,-1
2026-07-09 14:00:00+00:00,0.0024831250164790582,0.029797500197748697,buy,-0.002082448914028769,1,-1
2026-07-09 15:00:00+00:00,0.002262925135543201,0.027155101626518414,buy,-0.00014946737874458376,1,-1
2026-07-09 16:00:00+00:00,0.0010334935194462533,0.01240192223335504,buy,0.005329883570504517,1,1
2026-07-09 17:00:00+00:00,-0.005041556285196794,0.06049867542236153,sell,0.0017328941047285548,-1,1
2026-07-09 18:00:00+00:00,-0.0012782184740976622,0.015338621689171945,sell,-0.0017356056064628264,-1,-1
2026-07-09 19:00:00+00:00,0.0025476101142919852,0.030571321371503823,buy,0.00014297887915997048,1,1
2026-07-09 20:00:00+00:00,0.0001976898455516586,0.002372278146619903,buy,-0.00033738191632923795,1,-1
2026-07-09 21:00:00+00:00,0.0004790336880864456,0.005748404257037347,buy,-0.00037181738618102984,1,-1
2026-07-09 22:00:00+00:00,0.0006143220916398657,0.007371865099678388,buy,-0.0013504852591099958,1,-1
2026-07-09 23:00:00+00:00,0.0017011864251072742,0.02041423710128729,buy,-0.001186137660730342,1,-1
2026-07-10 00:00:00+00:00,0.001314039628620696,0.015768475543448353,buy,0.01407270995760401,1,1
2026-07-10 01:00:00+00:00,-0.013812268643273303,0.16574722371927963,sell,0.0029644380579536378,-1,1
2026-07-10 02:00:00+00:00,-0.0028013839132430664,0.0336166069589168,sell,0.0018388366819714987,-1,1
2026-07-10 03:00:00+00:00,-0.0018817660261042145,0.022581192313250575,sell,-0.0007713442785396769,-1,-1
2026-07-10 04:00:00+00:00,0.0010924001055077164,0.013108801266092596,buy,0.002417241865051395,1,1
2026-07-10 05:00:00+00:00,-0.002055742176909136,0.02466890612290963,sell,-0.0044237341487543234,-1,-1
2026-07-10 06:00:00+00:00,0.004491152144937818,0.05389382573925382,buy,0.0011461350406793095,1,1
2026-07-10 07:00:00+00:00,-0.0010186980896331184,0.01222437707559742,sell,0.006085043988269774,-1,1
2026-07-10 08:00:00+00:00,-0.00582468845185957,0.06989626142231484,sell,0.004803838586539127,-1,1
2026-07-10 09:00:00+00:00,-0.004523873193497964,0.05428647832197556,sell,0.0024824831525862706,-1,1
2026-07-10 10:00:00+00:00,-0.0027715492345122467,0.03325859081414696,sell,0.002342780507621013,-1,1
2026-07-10 11:00:00+00:00,-0.0022388370827483225,0.02686604499297987,sell,-0.004036153273892129,-1,-1
2026-07-10 12:00:00+00:00,0.004001310907707013,0.048015730892484156,buy,0.0055018255804230275,1,1
2026-07-10 13:00:00+00:00,-0.0050712673889660555,0.06085520866759267,sell,-0.010400150791098885,-1,-1
2026-07-10 14:00:00+00:00,0.010789902044910931,0.12947882453893117,buy,0.003389241818202164,1,1
2026-07-10 15:00:00+00:00,-0.00444424531011894,0.053330943721427285,sell,0.003562036949154496,-1,1
2026-07-10 16:00:00+00:00,-0.003379557121300611,0.04055468545560734,sell,-0.005262894369370642,-1,-1
2026-07-10 17:00:00+00:00,0.004929414781691544,0.059152977380298524,buy,-0.0017281589235079492,1,-1
2026-07-10 18:00:00+00:00,0.0014802885919487868,0.017763463103385443,buy,0.004336280211099538,1,1
2026-07-10 19:00:00+00:00,-0.0042456218265722505,0.05094746191886701,sell,-0.0014168730615614408,-1,-1
2026-07-10 20:00:00+00:00,0.0013781734675684385,0.01653808161082126,buy,0.002362943680382423,1,1
2026-07-10 21:00:00+00:00,-0.002717746942598364,0.03261296331118037,sell,0.0004625578893985937,-1,1
2026-07-10 22:00:00+00:00,-0.0006383737300168869,0.0076604847602026425,sell,0.0009191176470587475,-1,1
2026-07-10 23:00:00+00:00,-0.0011319431859350111,0.013583318231220134,sell,-0.001942287892701121,-1,-1
2026-07-11 00:00:00+00:00,0.0015862195940720787,0.019034635128864944,buy,-0.002381005486907248,1,-1
2026-07-11 01:00:00+00:00,0.0021125788350414305,0.025350946020497166,buy,0.003633131927404435,1,1
2026-07-11 02:00:00+00:00,-0.0035901948857672396,0.04308233862920688,sell,0.0005067972087169576,-1,1
2026-07-11 03:00:00+00:00,-0.0010584700436037627,0.012701640523245152,sell,1.6699137211228897e-05,-1,1
2026-07-11 04:00:00+00:00,-0.0004760274961243595,0.005712329953492314,hold,0.001625355546525843,-1,1
2026-07-11 05:00:00+00:00,-0.0017250045135725341,0.02070005416287041,sell,-7.224429686854824e-05,-1,-1
2026-07-11 06:00:00+00:00,-0.00028176116394253826,0.003381133967310459,hold,0.00037792054776252345,-1,1
2026-07-11 07:00:00+00:00,-0.0008287048896153869,0.009944458675384642,sell,0.0008166666666666818,-1,1
2026-07-11 08:00:00+00:00,-0.001201768316820154,0.014421219801841849,sell,-0.003313960265782959,-1,-1
2026-07-11 09:00:00+00:00,0.003065322797898004,0.03678387357477605,buy,0.001559454191033113,1,1
2026-07-11 10:00:00+00:00,-0.0016067941017916256,0.01928152922149951,sell,0.0012122560195740775,-1,1
2026-07-11 11:00:00+00:00,-0.0014927995122296,0.0179135941467552,sell,-0.0002110548298232189,-1,-1
2026-07-11 12:00:00+00:00,-0.000255605013037618,0.0030672601564514165,hold,0.0013943669796122387,-1,1
2026-07-11 13:00:00+00:00,-0.0017833413394804684,0.02140009607376562,sell,0.004504579470878403,-1,1
2026-07-11 14:00:00+00:00,-0.004564082914900926,0.05476899497881112,sell,0.002264280152203757,-1,1
2026-07-11 15:00:00+00:00,-0.002989482093506094,0.03587378512207313,sell,0.004689144437771026,-1,1
2026-07-11 16:00:00+00:00,-0.006422883341015638,0.07707460009218767,sell,0.0007623372492240065,-1,1
2026-07-11 17:00:00+00:00,-0.002677479067046519,0.032129748804558225,sell,0.0009097236303453562,-1,1
2026-07-11 18:00:00+00:00,-0.002511902495092996,0.030142829941115952,sell,-0.0011005316498666718,-1,-1
2026-07-11 19:00:00+00:00,-0.0005201304579906485,0.0062415654958877815,sell,0.0008715289577828731,-1,1
2026-07-11 20:00:00+00:00,-0.001954812710395296,0.023457752524743553,sell,-0.0010953082471234466,-1,-1
2026-07-11 21:00:00+00:00,-0.0003747901584515213,0.004497481901418255,hold,-0.0056141274253414305,-1,-1
2026-07-11 22:00:00+00:00,0.004889875689020017,0.05867850826824021,buy,-0.01431855899169117,1,-1
2026-07-11 23:00:00+00:00,0.014825536188446937,0.17790643426136324,buy,0.0006824182216852527,1,1
2026-07-12 00:00:00+00:00,-0.001278001958804715,0.01533602350565658,sell,0.00990508557949224,-1,1
2026-07-12 01:00:00+00:00,-0.01088696270199625,0.13064355242395498,sell,-0.0008745226102840287,-1,-1
2026-07-12 02:00:00+00:00,0.0004285945755342425,0.0051431349064109105,buy,0.003551010459138496,1,1
2026-07-12 03:00:00+00:00,-0.004170750980126307,0.05004901176151569,sell,-0.003096829751646343,-1,-1
2026-07-12 04:00:00+00:00,0.0026801920981021003,0.0321623051772252,buy,-0.0014784708071232794,1,-1
2026-07-12 05:00:00+00:00,0.0014073517248830495,0.016888220698596593,buy,-0.004502980729238814,1,-1
2026-07-12 06:00:00+00:00,0.004277425515355062,0.051329106184260745,buy,0.0020332789268743007,1,1
2026-07-12 07:00:00+00:00,-0.0027181754870239114,0.03261810584428694,sell,0.0035802043607334163,-1,1
2026-07-12 08:00:00+00:00,-0.004036569859216226,0.048438838310594715,sell,-0.0015676759619325774,-1,-1
2026-07-12 09:00:00+00:00,0.0014421426001656648,0.017305711201987976,buy,-0.001658908449336719,1,-1
2026-07-12 10:00:00+00:00,0.0009577467386704582,0.011492960864045498,buy,0.0024285873068800104,1,1
2026-07-12 11:00:00+00:00,-0.002762626684837364,0.03315152021804837,sell,0.001796237879552276,-1,1
2026-07-12 12:00:00+00:00,-0.0020008479418585764,0.024010175302302917,sell,-0.000586604390678494,-1,-1
2026-07-12 13:00:00+00:00,0.00017978726122754585,0.0021574471347305503,buy,0.007508513524737642,1,1
2026-07-12 14:00:00+00:00,-0.007667023978570906,0.09200428774285087,sell,0.0007804298959610405,-1,1
2026-07-12 15:00:00+00:00,-0.0016601611644134154,0.019921933972960985,sell,0.0005876118247268902,-1,1
2026-07-12 16:00:00+00:00,-0.0013473135746532147,0.016167762895838576,sell,-0.0019209659714599342,-1,-1
2026-07-12 17:00:00+00:00,0.001037153431043122,0.012445841172517465,buy,0.0016057189991751843,1,1
2026-07-12 18:00:00+00:00,-0.0016651304325177338,0.019981565190212804,sell,-1.0980443829529603e-05,-1,-1
2026-07-12 19:00:00+00:00,-0.0005416380985384494,0.006499657182461393,sell,-7.68639508071264e-05,-1,-1
2026-07-12 20:00:00+00:00,-0.00033717962350908134,0.004046155482108976,hold,-0.004930652405477537,-1,-1
2026-07-12 21:00:00+00:00,0.004675988820713416,0.056111865848560996,buy,-0.00398393184276162,1,-1
2026-07-12 22:00:00+00:00,0.004537089992945636,0.054445079915347624,buy,0.0009639568767797243,1,1
2026-07-12 23:00:00+00:00,-0.001236892648771941,0.014842711785263292,sell,0.01095306619437678,-1,1
2026-07-13 00:00:00+00:00,-0.010931302700818267,0.1311756324098192,sell,-0.010817972287158034,-1,-1
2026-07-13 01:00:00+00:00,0.008597910294353561,0.10317492353224272,buy,8.855287990573649e-05,1,1
2026-07-13 02:00:00+00:00,-0.0011489101980541583,0.013786922376649899,sell,-0.014632067692682335,-1,-1
2026-07-13 03:00:00+00:00,0.01444425567788331,0.17333106813459973,buy,-0.0008536688101990856,1,-1
2026-07-13 04:00:00+00:00,-0.00019166857490146474,0.002300022898817577,hold,0.0014670916173421063,-1,1
2026-07-13 05:00:00+00:00,-0.0018615415292409711,0.022338498350891654,sell,-0.0021272535416808056,-1,-1
2026-07-13 06:00:00+00:00,0.0016100467473405488,0.019320560968086584,buy,0.0054672778918356596,1,1
2026-07-13 07:00:00+00:00,-0.006418540756281359,0.07702248907537632,sell,0.0014544884955554952,-1,1
2026-07-13 08:00:00+00:00,-0.001903649288216138,0.022843791458593655,sell,-0.002435522883301657,-1,-1
2026-07-13 09:00:00+00:00,0.0016830043851575266,0.02019605262189032,buy,-0.0035726085081838953,1,-1
2026-07-13 10:00:00+00:00,0.0028013851100996204,0.033616621321195445,buy,0.0007361908026727353,1,1
2026-07-13 11:00:00+00:00,-0.001453746804030372,0.01744496164836446,sell,-0.004722755708301089,-1,-1
2026-07-13 12:00:00+00:00,0.004378801069257361,0.05254561283108833,buy,-0.0005811558795483757,1,-1
2026-07-13 13:00:00+00:00,-4.348026590975194e-05,0.0005217631909170233,hold,0.005893976175690202,-1,1
2026-07-13 14:00:00+00:00,-0.006512807308172341,0.07815368769806809,sell,-0.002654708318834408,-1,-1
2026-07-13 15:00:00+00:00,0.0018186710422748624,0.02182405250729835,buy,-0.00279120545185454,1,-1
2026-07-13 16:00:00+00:00,0.0026616616424799005,0.03193993970975881,buy,-0.01040038373635059,1,-1
2026-07-13 17:00:00+00:00,0.010264139453904484,0.12316967344685381,buy,0.006432408389502971,1,1
2026-07-13 18:00:00+00:00,-0.0062491959527948785,0.07499035143353855,sell,0.005677375488696233,-1,1
2026-07-13 19:00:00+00:00,-0.0060058343150033704,0.07207001178004044,sell,-0.004276249070380719,-1,-1
2026-07-13 20:00:00+00:00,0.003940989613593068,0.04729187536311681,buy,-0.0031969128572478618,1,-1
2026-07-13 21:00:00+00:00,0.002944104709764725,0.0353292565171767,buy,-0.0018050951364606872,1,-1
2026-07-13 22:00:00+00:00,0.0012413295599286768,0.014895954719144122,buy,0.01036110321296561,1,1
2026-07-13 23:00:00+00:00,-0.00990398068851063,0.11884776826212756,sell,0.005234364446845848,-1,1
2026-07-14 00:00:00+00:00,-0.005725862724893417,0.068710352698721,sell,-0.0006606868904043984,-1,-1
2026-07-14 01:00:00+00:00,0.000259168907081282,0.003110026884975384,buy,-0.0012213979964589747,1,-1
2026-07-14 02:00:00+00:00,0.0015439007430389522,0.018526808916467425,buy,0.0005553498704183687,1,1
2026-07-14 03:00:00+00:00,-0.0009576045624379193,0.011491254749255032,sell,0.0012782776890084785,-1,1
2026-07-14 04:00:00+00:00,-0.001545925514256146,0.01855110617107375,sell,0.0006215249197896334,-1,1
2026-07-14 05:00:00+00:00,-0.00048574703997445265,0.0058289644796934315,hold,-0.0021544005730145433,-1,-1
2026-07-14 06:00:00+00:00,0.002363167656146512,0.028358011873758145,buy,-0.0011103696184927114,1,-1
2026-07-14 07:00:00+00:00,0.001031059711270821,0.012372716535249854,buy,0.002649884067572059,1,1
2026-07-14 08:00:00+00:00,-0.002355252815086087,0.028263033781033044,sell,0.00014558241364442666,-1,1
2026-07-14 09:00:00+00:00,-6.562639339529426e-05,0.0007875167207435311,hold,0.007798722420347128,-1,1
2026-07-14 10:00:00+00:00,-0.0077686781706079915,0.0932241380472959,sell,-0.001127702597604589,-1,-1
2026-07-14 11:00:00+00:00,0.0009829469789174566,0.011795363747009478,buy,0.03500937105484155,1,1
2026-07-14 12:00:00+00:00,-0.03401316884090479,0.40815802609085744,sell,0.005518419808279232,-1,1
2026-07-14 13:00:00+00:00,-0.008645306895527042,0.1037436827463245,sell,0.005263692279739935,-1,1
2026-07-14 14:00:00+00:00,-0.007760891304569941,0.0931306956548393,sell,-0.003157626145569784,-1,-1
2026-07-14 15:00:00+00:00,0.0008915136052580219,0.010698163263096264,buy,-0.0007625771909429633,1,-1
2026-07-14 16:00:00+00:00,0.0008805828008876379,0.010566993610651654,buy,-0.0012007749000688445,1,-1
2026-07-14 17:00:00+00:00,0.0012343637844692645,0.014812365413631175,buy,0.0017365378244654135,1,1
2026-07-14 18:00:00+00:00,-0.0014973694526371367,0.017968433431645642,sell,0.0010401164930472456,-1,1
2026-07-14 19:00:00+00:00,-0.0011943504043577895,0.014332204852293473,sell,-0.0007033472937114019,-1,-1
2026-07-14 20:00:00+00:00,0.00016349844041080647,0.0019619812849296777,buy,0.0005545424491580358,1,1
2026-07-14 21:00:00+00:00,-0.000848844734600876,0.010186136815210512,sell,0.0029736844910096282,-1,1
2026-07-14 22:00:00+00:00,-0.003473784584441167,0.04168541501329401,sell,0.005223055833032203,-1,1
2026-07-14 23:00:00+00:00,-0.007268996766352883,0.08722796119623459,sell,-0.00543906293772826,-1,-1
2026-07-15 00:00:00+00:00,0.0031168316388044326,0.03740197966565319,buy,-0.00604810850455462,1,-1
2026-07-15 01:00:00+00:00,0.007026110749017178,0.08431332898820613,buy,-0.00299433215698863,1,-1
2026-07-15 02:00:00+00:00,0.0038156134423352286,0.045787361308022745,buy,0.00615681647538347,1,1
2026-07-15 03:00:00+00:00,-0.005566664672646175,0.0667999760717541,sell,0.0002185407871732985,-1,1
2026-07-15 04:00:00+00:00,-0.00039485191159079595,0.004738222939089551,hold,0.0032987119568982804,-1,1
2026-07-15 05:00:00+00:00,-0.0034425975922851024,0.04131117110742123,sell,-0.003617184014277611,-1,-1
2026-07-15 06:00:00+00:00,0.0031433239296170274,0.03771988715540433,buy,-0.0031078912717831873,1,-1
2026-07-15 07:00:00+00:00,0.004083067614755087,0.04899681137706105,buy,0.004908985904044867,1,1
2026-07-15 08:00:00+00:00,-0.0051269956610506765,0.06152394793260812,sell,0.0003405668309191434,-1,1
2026-07-15 09:00:00+00:00,-0.0005192996443054247,0.006231595731665097,sell,-0.0009309203876884449,-1,-1
2026-07-15 10:00:00+00:00,0.0011884026354859714,0.014260831625831657,buy,0.003466250645595834,1,1
2026-07-15 11:00:00+00:00,-0.0032630689874892493,0.03915682784987099,sell,0.022572189619127565,-1,1
2026-07-15 12:00:00+00:00,-0.02264828067107056,0.27177936805284675,sell,-0.0007264575852550338,-1,-1
2026-07-15 13:00:00+00:00,-0.0022870203391603667,0.0274442440699244,sell,0.003878988035892337,-1,1
2026-07-15 14:00:00+00:00,-0.006424230348828163,0.07709076418593795,sell,-0.0006621043538533814,-1,-1
2026-07-15 15:00:00+00:00,-0.0024090212865375614,0.028908255438450735,sell,-0.006382152747224387,-1,-1
2026-07-15 16:00:00+00:00,0.004024996891992133,0.0482999627039056,buy,0.004334191141996939,1,1
2026-07-15 17:00:00+00:00,-0.004549376867578705,0.05459252241094446,sell,-0.0017998485430044645,-1,-1
2026-07-15 18:00:00+00:00,0.0005341701867041019,0.0064100422404492225,buy,-0.0001662795470960505,1,-1
2026-07-15 19:00:00+00:00,-6.459569142980593e-05,0.0007751482971576712,hold,-0.00020788400072764126,-1,-1
2026-07-15 20:00:00+00:00,-0.00041425741857492045,0.004971089022899045,hold,-0.0009096816114359974,-1,-1
2026-07-15 21:00:00+00:00,0.0006780986867759824,0.008137184241311789,buy,0.0007440166493236543,1,1
2026-07-15 22:00:00+00:00,-0.0009700859396773055,0.011641031276127665,sell,-0.0028958683185767945,-1,-1
2026-07-15 23:00:00+00:00,0.00249767993352355,0.029972159202282602,buy,-0.0015642434797117622,1,-1
2026-07-16 00:00:00+00:00,0.0017728520240544246,0.021274224288653096,buy,0.0040942940998298285,1,1
2026-07-16 01:00:00+00:00,-0.003898438068685409,0.04678125682422491,sell,0.00138867217974715,-1,1
2026-07-16 02:00:00+00:00,-0.0022920692443817135,0.027504830932580562,sell,-0.0034642692053994013,-1,-1
2026-07-16 03:00:00+00:00,0.0022133339636208633,0.02656000756345036,buy,-0.00020326262573622768,1,-1
2026-07-16 04:00:00+00:00,0.00038666383055984104,0.004639965966718092,buy,0.003831497516042838,1,1
2026-07-16 05:00:00+00:00,-0.004004618788263706,0.04805542545916447,sell,-0.0016254167402345737,-1,-1
2026-07-16 06:00:00+00:00,0.0004627684080720344,0.005553220896864413,buy,-0.006189760367848545,1,-1
2026-07-16 07:00:00+00:00,0.005611188859829101,0.06733426631794921,buy,-0.012843931059388887,1,-1
2026-07-16 08:00:00+00:00,0.012818969060382575,0.1538276287245909,buy,-0.0007528802973346157,1,-1
2026-07-16 09:00:00+00:00,-0.0003897861575500066,0.00467743389060008,hold,0.0020746337555114978,-1,1
2026-07-16 10:00:00+00:00,-0.0030863944273296453,0.037036733127955745,sell,-0.0017579345328235692,-1,-1
2026-07-16 11:00:00+00:00,0.0013218220159829286,0.015861864191795142,buy,-0.006741775670199355,1,-1
2026-07-16 12:00:00+00:00,0.005379286755458977,0.06455144106550773,buy,0.0054791594349950555,1,1
2026-07-16 13:00:00+00:00,-0.006711922852399773,0.08054307422879728,sell,0.0003770959363929639,-1,1
2026-07-16 14:00:00+00:00,-0.0007024324403185628,0.008429189283822754,sell,-0.0008707101597009178,-1,-1
2026-07-16 15:00:00+00:00,-8.761028879914731e-05,0.0010513234655897678,hold,-0.0015835228601186143,-1,-1
2026-07-16 16:00:00+00:00,0.00039068473883368285,0.004688216866004194,buy,-0.005316940763212523,1,-1
2026-07-16 17:00:00+00:00,0.004077766178595576,0.04893319414314691,buy,0.0037133944384693898,1,1
2026-07-16 18:00:00+00:00,-0.005071051395863673,0.060852616750364075,sell,-0.0001386038329290673,-1,-1
2026-07-16 19:00:00+00:00,-0.0006086628171965798,0.007303953806358957,sell,-0.0019727125864393703,-1,-1
2026-07-16 20:00:00+00:00,0.0008671395538146446,0.010405674645775735,buy,0.0036166655091912354,1,1
2026-07-16 21:00:00+00:00,-0.004555013755932577,0.054660165071190925,sell,-0.005200515260877424,-1,-1
2026-07-16 22:00:00+00:00,0.00453654577021901,0.05443854924262813,buy,-0.0022366217380370506,1,-1
2026-07-16 23:00:00+00:00,0.0014000405679462744,0.016800486815355294,buy,0.0005684530034160515,1,1
2026-07-17 00:00:00+00:00,-0.0020316291576885723,0.024379549892262868,sell,-0.007803748586374497,-1,-1
2026-07-17 01:00:00+00:00,0.006129072463678279,0.07354886956413935,buy,-0.001679982281858961,1,-1
2026-07-17 02:00:00+00:00,0.001067247081000343,0.012806964972004117,buy,0.0023970564363400594,1,1
2026-07-17 03:00:00+00:00,-0.0033477080368119285,0.040172496441743144,sell,-0.0013279137179964893,-1,-1
2026-07-17 04:00:00+00:00,0.000915271640800114,0.010983259689601368,buy,-0.014123789910651966,1,-1
2026-07-17 05:00:00+00:00,0.013028363796585316,0.1563403655590238,buy,0.0045889667423269906,1,1
2026-07-17 06:00:00+00:00,-0.005034608269127385,0.06041529922952862,sell,-0.0020684272857758586,-1,-1
2026-07-17 07:00:00+00:00,0.001449227517405973,0.017390730208871677,buy,0.000891431321505977,1,1
2026-07-17 08:00:00+00:00,-0.0015487855740741793,0.01858542688889015,sell,0.002704696336365772,-1,1
2026-07-17 09:00:00+00:00,-0.0036648540997087646,0.04397824919650518,sell,0.0010190180371642517,-1,1
2026-07-17 10:00:00+00:00,-0.0012635162391136674,0.015162194869364008,sell,0.0011268556372722126,-1,1
2026-07-17 11:00:00+00:00,-0.001199992047695729,0.01439990457234875,sell,-0.005709500609013398,-1,-1
2026-07-17 12:00:00+00:00,0.005486095858930352,0.06583315030716422,buy,-0.001662528574709858,1,-1
2026-07-17 13:00:00+00:00,0.001398420267743684,0.01678104321292421,buy,-0.0018296357162420806,1,-1
2026-07-17 14:00:00+00:00,8.723470487269999e-05,0.0010468164584724,buy,0.0047855292619748135,1,1
2026-07-17 15:00:00+00:00,-0.004432465157407456,0.053189581888889476,sell,0.002747312767630851,-1,1
2026-07-17 16:00:00+00:00,-0.003227533890043718,0.03873040668052462,sell,0.004248574276516798,-1,1
2026-07-17 17:00:00+00:00,-0.0038109366462608435,0.04573123975513012,sell,0.0017790216465713006,-1,1
2026-07-17 18:00:00+00:00,-0.00113753796131088,0.01365045553573056,sell,-0.0017487912766176417,-1,-1
2026-07-17 19:00:00+00:00,0.001138127625800585,0.01365753150960702,buy,-0.0004501670499413846,1,-1
2026-07-17 20:00:00+00:00,-2.759843746957057e-05,0.00033118124963484686,hold,-0.0007542337473480273,-1,-1
2026-07-17 21:00:00+00:00,0.0006963233955288192,0.00835588074634583,buy,-0.0008634077999934393,1,-1
2026-07-17 22:00:00+00:00,0.0011802289575924046,0.014162747491108855,buy,0.0010761161988097601,1,1
2026-07-17 23:00:00+00:00,-0.0009093055096061242,0.01091166611527349,sell,-0.0005917705884589238,-1,-1
2026-07-18 00:00:00+00:00,0.0004982087347602286,0.005978504817122743,buy,0.0008908976336890225,1,1
2026-07-18 01:00:00+00:00,-0.0006417663464892954,0.007701196157871544,sell,-0.00030936563761882696,-1,-1
2026-07-18 02:00:00+00:00,0.00021415336337036797,0.0025698403604444155,buy,0.0021988045018486,1,1
2026-07-18 03:00:00+00:00,-0.002008099513599362,0.024097194163192344,sell,-0.0006825716700253477,-1,-1
2026-07-18 04:00:00+00:00,0.0006358723879674718,0.007630468655609662,buy,0.0006288285358052011,1,1
2026-07-18 05:00:00+00:00,-0.0008199692480278479,0.009839630976334175,sell,-0.0004821600771455434,-1,-1
2026-07-18 06:00:00+00:00,0.0006516582820587834,0.007819899384705401,buy,-0.0004173509596361902,1,-1
2026-07-18 07:00:00+00:00,0.00027632354985418836,0.00331588259825026,buy,0.0017514369374254518,1,1
2026-07-18 08:00:00+00:00,-0.0019789525701819403,0.02374743084218328,sell,-0.0013857087954618971,-1,-1
2026-07-18 09:00:00+00:00,0.001407717715626043,0.016892612587512516,buy,0.00037943052898038645,1,1
2026-07-18 10:00:00+00:00,-0.0006392460202757842,0.007670952243309411,sell,-5.418380229409291e-06,-1,-1
2026-07-18 11:00:00+00:00,-0.00010728745726989029,0.0012874494872386834,hold,-0.00031426775612818184,-1,-1
2026-07-18 12:00:00+00:00,0.00023909285482831018,0.0028691142579397224,buy,-0.001826578065886957,1,-1
2026-07-18 13:00:00+00:00,0.0016759226426144836,0.0201110717113738,buy,0.0023566335977759385,1,1
2026-07-18 14:00:00+00:00,-0.0026391710453061443,0.031670052543673735,sell,-0.0009751076681383323,-1,-1
2026-07-18 15:00:00+00:00,0.0008768951615215443,0.010522741938258532,buy,0.0010628202695007504,1,1
2026-07-18 16:00:00+00:00,-0.0013280261556097267,0.01593631386731672,sell,0.0036346696567377008,-1,1
2026-07-18 17:00:00+00:00,-0.003789516680869146,0.04547420017042975,sell,0.002547468183633611,-1,1
2026-07-18 18:00:00+00:00,-0.0023918271344565197,0.028701925613478237,sell,0.0004898952377876556,-1,1
2026-07-18 19:00:00+00:00,1.0878914875415591e-06,1.3054697850498709e-05,buy,-0.0005972719201485793,1,-1
2026-07-18 20:00:00+00:00,0.00045294924014540266,0.005435390881744832,buy,0.0019544079166981324,1,1
2026-07-18 21:00:00+00:00,-0.0019251765586396003,0.023102118703675203,sell,0.0014669768991440045,-1,1
2026-07-18 22:00:00+00:00,-0.0016540225284412532,0.01984827034129504,sell,-0.0005848580780169263,-1,-1
2026-07-18 23:00:00+00:00,0.000969739242281128,0.011636870907373534,buy,-0.0006227820101899241,1,-1
2026-07-19 00:00:00+00:00,0.0006657307184291279,0.007988768621149535,buy,-0.0012194794380724606,1,-1
2026-07-19 01:00:00+00:00,0.0012552995737623218,0.01506359488514786,buy,0.006594305016189928,1,1
2026-07-19 02:00:00+00:00,-0.006593496369218983,0.0791219564306278,sell,-0.0023297567648442523,-1,-1
2026-07-19 03:00:00+00:00,0.0026524617498965087,0.03182954099875811,buy,0.00013389892238147269,1,1
2026-07-19 04:00:00+00:00,-0.0003086236539381337,0.003703483847257604,hold,0.0006586944996331758,-1,1
2026-07-19 05:00:00+00:00,-0.0007679546530608079,0.009215455836729693,sell,0.00044419231921916054,-1,1
2026-07-19 06:00:00+00:00,-0.0004672075296278061,0.005606490355533673,hold,0.000460043115668694,-1,1
2026-07-19 07:00:00+00:00,-0.0005019252610356344,0.006023103132427612,sell,0.0019409169897073167,-1,1
2026-07-19 08:00:00+00:00,-0.001994653746451088,0.023935844957413056,sell,-0.004119794223749668,-1,-1
2026-07-19 09:00:00+00:00,0.003985145786303567,0.04782174943564281,buy,0.003263385776139194,1,1
2026-07-19 10:00:00+00:00,-0.003044317934793007,0.036531815217516084,sell,-0.0004486580317799002,-1,-1
2026-07-19 11:00:00+00:00,0.0006914530741598524,0.008297436889918228,buy,-0.0005503871412464252,1,-1
2026-07-19 12:00:00+00:00,0.0017169656094350608,0.02060358731322073,buy,0.0007752435333995328,1,1
2026-07-19 13:00:00+00:00,-0.0008575479100500359,0.010290574920600431,sell,0.0015279165308816117,-1,1
2026-07-19 14:00:00+00:00,-0.0014215463934955487,0.017058556721946585,sell,-0.002016333367116682,-1,-1
2026-07-19 15:00:00+00:00,0.0023375956291635967,0.02805114754996316,buy,-0.002196791935475318,1,-1
2026-07-19 16:00:00+00:00,0.0023310709022303566,0.02797285082676428,buy,0.0002303406899507519,1,1
2026-07-19 17:00:00+00:00,-2.0753539721060052e-07,2.490424766527206e-06,hold,-0.0032722267744199306,-1,-1
2026-07-19 18:00:00+00:00,0.0033027772758697253,0.0396333273104367,buy,0.0006716385832187071,1,1
2026-07-19 19:00:00+00:00,-0.0009656838891757293,0.011588206670108752,sell,0.0025612525974968506,-1,1
2026-07-19 20:00:00+00:00,-0.002697915915871765,0.03237499099046118,sell,-0.0026886039611385376,-1,-1
2026-07-19 21:00:00+00:00,0.002994672080460241,0.035936064965522894,buy,0.004468025691147812,1,1
2026-07-19 22:00:00+00:00,-0.004334821506644125,0.0520178580797295,sell,0.0009569940762601118,-1,1
2026-07-19 23:00:00+00:00,-0.00048230297732042727,0.005787635727845127,hold,-4.807101691561301e-05,-1,-1
2026-07-20 00:00:00+00:00,0.00021117519697235902,0.002534102363668308,buy,-0.0013781020650165878,1,-1
2026-07-20 01:00:00+00:00,0.0023118476383687954,0.027742171660425544,buy,0.005081409529514966,1,1
2026-07-20 02:00:00+00:00,-0.004224411698113032,0.05069294037735638,sell,0.00046831926601604483,-1,1
2026-07-20 03:00:00+00:00,-0.0007907556615837642,0.00948906793900517,sell,-0.00585125057182676,-1,-1
2026-07-20 04:00:00+00:00,0.0053089578341117,0.0637074940093404,buy,-0.0072179952272411144,1,-1
2026-07-20 05:00:00+00:00,0.007419518849385088,0.08903422619262105,buy,-0.0030828100999757617,1,-1
2026-07-20 06:00:00+00:00,0.0030561563552951115,0.036673876263541336,buy,0.007687608461775517,1,1
2026-07-20 07:00:00+00:00,-0.007647528422838501,0.09177034107406201,sell,-0.001577295528313557,-1,-1
2026-07-20 08:00:00+00:00,0.0017319346521435287,0.020783215825722345,buy,0.0016926292712022455,1,1
2026-07-20 09:00:00+00:00,-0.001637878025922783,0.019654536311073396,sell,0.0025158784653676867,-1,1
2026-07-20 10:00:00+00:00,-0.0023381778662336264,0.028058134394803515,sell,0.013029403108863814,-1,1
2026-07-20 11:00:00+00:00,-0.012429564865571648,0.14915477838685978,sell,-0.010495457426579398,-1,-1
2026-07-20 12:00:00+00:00,0.010303003526212903,0.12363604231455483,buy,-0.005685063496554192,1,-1
2026-07-20 13:00:00+00:00,0.0058173565792999865,0.06980827895159984,buy,0.002861468421843756,1,1
2026-07-20 14:00:00+00:00,-0.0027160247872120204,0.032592297446544245,sell,0.01837784594300883,-1,1
2026-07-20 15:00:00+00:00,-0.01808720559180351,0.21704646710164213,sell,-0.0015402083749486613,-1,-1
2026-07-20 16:00:00+00:00,0.000775843016933961,0.009310116203207531,buy,0.004406631532949648,1,1
2026-07-20 17:00:00+00:00,-0.0045494223566031194,0.05459306827923743,sell,-0.004329639685917659,-1,-1
2026-07-20 18:00:00+00:00,0.004073905510667292,0.04888686612800751,buy,-0.0005580357142856855,1,-1
2026-07-20 19:00:00+00:00,0.001273985993385831,0.015287831920629973,buy,0.0033606186066600725,1,1
2026-07-20 20:00:00+00:00,-0.0041293755631471914,0.0495525067577663,sell,-0.0012546985573590815,-1,-1
2026-07-20 21:00:00+00:00,0.0012242921664651152,0.014691505997581383,buy,-0.003537543693658187,1,-1
2026-07-20 22:00:00+00:00,0.0037467055821493,0.0449604669857916,buy,0.004773911759120521,1,1
2026-07-20 23:00:00+00:00,-0.004826960815274786,0.05792352978329743,sell,0.005265727620657598,-1,1
2026-07-21 00:00:00+00:00,-0.005246247922375511,0.06295497506850613,sell,-0.0038176310841863095,-1,-1
2026-07-21 01:00:00+00:00,0.0036004349967523317,0.04320521996102798,buy,0.005142884104241671,1,1
2026-07-21 02:00:00+00:00,-0.00495676394018247,0.05948116728218965,sell,0.0049288061336254345,-1,1
2026-07-21 03:00:00+00:00,-0.004879996888257305,0.05855996265908765,sell,-0.0011210587777345695,-1,-1
2026-07-21 04:00:00+00:00,-0.0008339559099258181,0.010007470919109817,sell,0.00310195937836112,-1,1
2026-07-21 05:00:00+00:00,-0.004214356965994307,0.05057228359193168,sell,0.0023153903530581943,-1,1
2026-07-21 06:00:00+00:00,-0.003964816740390661,0.047577800884687924,sell,-0.0004909484607474021,-1,-1
2026-07-21 07:00:00+00:00,-0.0012553407786590589,0.015064089343908706,sell,0.0029574784910655337,-1,1
2026-07-21 08:00:00+00:00,-0.00433227771311056,0.051987332557326724,sell,0.0012475512939478673,-1,1
2026-07-21 09:00:00+00:00,-0.0030582893905147708,0.03669947268617725,sell,-0.004139592837062724,-1,-1
2026-07-21 10:00:00+00:00,0.002074633198709238,0.02489559838451086,buy,0.0007806925932436437,1,1
2026-07-21 11:00:00+00:00,-0.000487911614306121,0.005854939371673452,hold,0.003667942697436009,-1,1
2026-07-21 12:00:00+00:00,-0.004118149767953779,0.049417797215445355,sell,-0.0012816619397876298,-1,-1
2026-07-21 13:00:00+00:00,-0.0006489844105448928,0.007787812926538714,sell,-0.004344688965623906,-1,-1
2026-07-21 14:00:00+00:00,0.0030474310151752206,0.03656917218210265,buy,-3.105799044446336e-05,1,-1
2026-07-21 15:00:00+00:00,0.0008052782819958228,0.009663339383949874,buy,-0.0028160119266387763,1,-1
2026-07-21 16:00:00+00:00,0.003011628841604667,0.03613954609925601,buy,-0.003976390828345466,1,-1
2026-07-21 17:00:00+00:00,0.0045430946921444495,0.05451713630573339,buy,0.0006358438742697059,1,1
2026-07-21 18:00:00+00:00,-0.00023984017594197738,0.0028780821113037285,hold,0.001802149036683648,-1,1
2026-07-21 19:00:00+00:00,-0.0015265347965805335,0.0183184175589664,sell,-7.79873036670103e-05,-1,-1
2026-07-21 20:00:00+00:00,7.148942088100791e-05,0.0008578730505720949,buy,0.0005615523803581077,1,1
2026-07-21 21:00:00+00:00,-0.0005953909521528321,0.007144691425833984,sell,-0.0017980377483994535,-1,-1
2026-07-21 22:00:00+00:00,0.001722156820899669,0.020665881850796028,buy,0.004805139364659589,1,1
2026-07-21 23:00:00+00:00,-0.004779677151372426,0.057356125816469115,sell,0.004854695895010139,-1,1
2026-07-22 00:00:00+00:00,-0.00515688658369134,0.06188263900429608,sell,-0.0030163035071618578,-1,-1
2026-07-22 01:00:00+00:00,0.0016507901474301346,0.019809481769161613,buy,-0.001644592239386348,1,-1
2026-07-22 02:00:00+00:00,0.0012501645597531516,0.01500197471703782,buy,-0.0008599120403226648,1,-1
2026-07-22 03:00:00+00:00,0.0010213634956147558,0.01225636194737707,buy,0.004173644343286112,1,1
2026-07-22 04:00:00+00:00,-0.003905369818855034,0.0468644378262604,sell,-0.00901993990148802,-1,-1
2026-07-22 05:00:00+00:00,0.008381438255620662,0.10057725906744794,buy,-0.001015968947820782,1,-1
2026-07-22 06:00:00+00:00,0.0010992768628511412,0.013191322354213695,buy,-0.0015437571711693107,1,-1
2026-07-22 07:00:00+00:00,0.0014986238947299916,0.0179834867367599,buy,0.003593740206013185,1,1
2026-07-22 08:00:00+00:00,-0.0037206268812121925,0.04464752257454631,sell,0.0016499073553598947,-1,1
2026-07-22 09:00:00+00:00,-0.0018337642413911311,0.022005170896693575,sell,0.0032891831082520187,-1,1
2026-07-22 10:00:00+00:00,-0.003701760822703108,0.04442112987243729,sell,-0.0018385970727462708,-1,-1
2026-07-22 11:00:00+00:00,0.0015916044127286808,0.01909925295274417,buy,-0.005240573453641632,1,-1
2026-07-22 12:00:00+00:00,0.00487073203036818,0.058448784364418166,buy,0.01187166500623314,1,1
2026-07-22 13:00:00+00:00,-0.01171939619757771,0.1406327543709325,sell,-0.0034691973421721494,-1,-1
2026-07-22 14:00:00+00:00,0.0016579234165950113,0.019895080999140134,buy,0.005084833436788706,1,1
2026-07-22 15:00:00+00:00,-0.005442610766316731,0.06531132919580077,sell,0.003504835231571281,-1,1
2026-07-22 16:00:00+00:00,-0.005461332614394557,0.06553599137273469,sell,-0.005800475936487069,-1,-1
2026-07-22 17:00:00+00:00,0.004039624232392031,0.048475490788704376,buy,-0.00404430160998278,1,-1
2026-07-22 18:00:00+00:00,0.00467110642431324,0.056053277091758884,buy,-0.0028797994499375587,1,-1
2026-07-22 19:00:00+00:00,0.0034527100057723903,0.04143252006926868,buy,0.0008466960672785119,1,1
2026-07-22 20:00:00+00:00,-0.0005604643052569269,0.006725571663083123,sell,0.00622807199651228,-1,1
2026-07-22 21:00:00+00:00,-0.005806475241367373,0.06967770289640848,sell,-0.00017536982401118145,-1,-1
2026-07-22 22:00:00+00:00,7.731388790818157e-05,0.0009277666548981789,buy,-0.002151236574117102,1,-1
2026-07-22 23:00:00+00:00,0.0018308281772155062,0.021969938126586076,buy,-0.0009719529533411447,1,-1
2026-07-23 00:00:00+00:00,0.0007160060358365211,0.008592072430038252,buy,-0.002059646962020623,1,-1
2026-07-23 01:00:00+00:00,0.002861432706694682,0.03433719248033618,buy,-0.00040966816878338453,1,-1
2026-07-23 02:00:00+00:00,0.0007201691844770303,0.008642030213724363,buy,-0.003657397800373498,1,-1
2026-07-23 03:00:00+00:00,0.003431595762793118,0.04117914915351742,buy,-0.0004217541849990604,1,-1
2026-07-23 04:00:00+00:00,0.00014837829512298002,0.0017805395414757603,buy,0.0015783387333701297,1,1
2026-07-23 05:00:00+00:00,-0.0015564575001108497,0.018677490001330198,sell,0.0013626174737488717,-1,1
2026-07-23 06:00:00+00:00,-0.0013051293639231114,0.015661552367077336,sell,-0.005058715377144375,-1,-1
2026-07-23 07:00:00+00:00,0.004743469444720126,0.05692163333664152,buy,0.005684754521963757,1,1
2026-07-23 08:00:00+00:00,-0.006424403115926826,0.07709283739112191,sell,-0.0011315622826414524,-1,-1
2026-07-23 09:00:00+00:00,0.0007928018302060335,0.009513621962472402,buy,0.0019642894260950136,1,1
2026-07-23 10:00:00+00:00,-0.0019700184328593027,0.023640221194311632,sell,-0.0010891325318701632,-1,-1
2026-07-23 11:00:00+00:00,0.0007082143805162067,0.008498572566194481,buy,-0.011110880355548101,1,-1
2026-07-23 12:00:00+00:00,0.011105117708524551,0.13326141250229462,buy,-0.003108198924731221,1,-1
2026-07-23 13:00:00+00:00,0.001697836573901698,0.020374038886820375,buy,-0.0012060756720316654,1,-1
2026-07-23 14:00:00+00:00,0.0011386995728087654,0.013664394873705184,buy,-0.000632767884920638,1,-1
2026-07-23 15:00:00+00:00,0.0005769808666528041,0.00692377039983365,buy,-0.003841222437382256,1,-1
2026-07-23 16:00:00+00:00,0.0029277130904194343,0.03513255708503321,buy,-0.0051060674276332,1,-1
2026-07-23 17:00:00+00:00,0.005152013089351735,0.06182415707222082,buy,0.0015332932263577947,1,1
2026-07-23 18:00:00+00:00,-0.0016712778586764328,0.020055334304117194,sell,-0.00294494442347661,-1,-1
2026-07-23 19:00:00+00:00,0.00253492335631526,0.03041908027578312,buy,0.005507424092981061,1,1
2026-07-23 20:00:00+00:00,-0.00608630488843055,0.0730356586611666,sell,-0.0017285443111803894,-1,-1
2026-07-23 21:00:00+00:00,0.0015704442770760228,0.018845331324912274,buy,0.00037180249851281416,1,1
2026-07-23 22:00:00+00:00,-0.0005129652030354597,0.006155582436425517,sell,-0.0026759830521073174,-1,-1
2026-07-23 23:00:00+00:00,0.0019172313280771546,0.023006775936925856,buy,-0.0036787018601135454,1,-1
2026-07-24 00:00:00+00:00,0.0034821893876580356,0.041786272651896425,buy,0.0006892977178367612,1,1
2026-07-24 01:00:00+00:00,-0.0013159950142237963,0.015791940170685557,sell,-0.0016980285781413868,-1,-1
2026-07-24 02:00:00+00:00,0.0018161561322837907,0.021793873587405487,buy,0.005931813562404469,1,1
2026-07-24 03:00:00+00:00,-0.005635931062065307,0.06763117274478368,sell,-0.002419350550601744,-1,-1
2026-07-24 04:00:00+00:00,0.002341515064510242,0.028098180774122905,buy,0.002585122486834604,1,1
2026-07-24 05:00:00+00:00,-0.0022803164385863154,0.027363797263035783,sell,0.003806546622221557,-1,1
2026-07-24 06:00:00+00:00,-0.003749426778135039,0.04499312133762047,sell,0.004157552710883207,-1,1
2026-07-24 07:00:00+00:00,-0.0038505925274112656,0.04620711032893519,sell,-0.004171984936550007,-1,-1
2026-07-24 08:00:00+00:00,0.005217807532086684,0.06261369038504021,buy,0.0,1,0
2026-07-24 09:00:00+00:00,0.00011143578182495081,0.0013372293818994098,buy,-0.0022509758642423215,1,-1
2026-07-24 10:00:00+00:00,0.0018686397991628106,0.022423677589953728,buy,5.839199074228288e-05,1,1
2026-07-24 11:00:00+00:00,0.00018926130594109765,0.0022711356712931717,buy,-0.0059874836113868206,1,-1
2026-07-24 12:00:00+00:00,0.0059191398925145,0.071029678710174,buy,-0.00803673938002306,1,-1
2026-07-24 13:00:00+00:00,0.008650790853947278,0.10380949024736733,buy,0.0028531438415160325,1,1
2026-07-24 14:00:00+00:00,-0.0023616217709892715,0.028339461251871256,sell,-0.0005851092382844734,-1,-1
2026-07-24 15:00:00+00:00,0.00017952394859341658,0.002154287383120999,buy,-0.002331064931437643,1,-1
2026-07-24 16:00:00+00:00,0.0030542495839254993,0.03665099500710599,buy,0.004877602330051062,1,1
2026-07-24 17:00:00+00:00,-0.004109326486609467,0.0493119178393136,sell,-0.002041220875099755,-1,-1
2026-07-24 18:00:00+00:00,0.0019716714829458226,0.02366005779534987,buy,0.0005959027658477388,1,1
2026-07-24 19:00:00+00:00,-0.0002658685385753017,0.0031904224629036204,hold,-0.0015720317840145488,-1,-1
2026-07-24 20:00:00+00:00,0.0014860456275000479,0.017832547530000575,buy,-0.001821699177817239,1,-1
2026-07-24 21:00:00+00:00,0.002032403988093527,0.024388847857122323,buy,0.0010659431173991086,1,1
2026-07-24 22:00:00+00:00,-0.0008052346677208394,0.009662816012650073,sell,0.0010486746365939291,-1,1
2026-07-24 23:00:00+00:00,-0.0011493190089940078,0.013791828107928093,sell,-0.00059094034725811,-1,-1
2026-07-25 00:00:00+00:00,0.00043225587633456154,0.005187070516014738,buy,-0.0001827622907640099,1,-1
2026-07-25 01:00:00+00:00,0.00019634837480963894,0.0023561804977156675,buy,-0.00029569892473115835,1,-1
2026-07-25 02:00:00+00:00,0.0002991659931234886,0.0035899919174818633,buy,-0.00038183333781496485,1,-1
2026-07-25 03:00:00+00:00,0.0003491943584835363,0.004190332301802435,buy,0.001366517102983722,1,1
2026-07-25 04:00:00+00:00,-0.001484385337043238,0.017812624044518853,sell,-0.0015365769792830203,-1,-1
2026-07-25 05:00:00+00:00,0.0014436418467767304,0.017323702161320766,buy,6.995189462009759e-05,1,1
2026-07-25 06:00:00+00:00,5.5578281668332066e-05,0.0006669393800199847,buy,-0.0013612762637539872,1,-1
2026-07-25 07:00:00+00:00,0.0028065003606144515,0.03367800432737342,buy,-0.0011961078005625087,1,-1
2026-07-25 08:00:00+00:00,0.002902640981306521,0.034831691775678256,buy,0.002449023627144225,1,1
2026-07-25 09:00:00+00:00,-0.0007970770842324453,0.009564925010789344,sell,0.00015067210521216393,-1,1
2026-07-25 10:00:00+00:00,6.042785997151481e-05,0.0007251343196581777,buy,-0.0004680892274913059,1,-1
2026-07-25 11:00:00+00:00,0.0007965236388888069,0.009558283666665683,buy,0.0013833938904588541,1,1
2026-07-25 12:00:00+00:00,-0.0007501773742382224,0.00900212849085867,sell,0.0037197901436312425,-1,1
2026-07-25 13:00:00+00:00,-0.003731378798775365,0.044776545585304375,sell,0.0007711917054047978,-1,1
2026-07-25 14:00:00+00:00,-0.0006425782215524659,0.007710938658629591,sell,-0.0004281096817004273,-1,-1
2026-07-25 15:00:00+00:00,0.000336029239404503,0.004032350872854036,buy,5.8890292738237975e-05,1,1
2026-07-25 16:00:00+00:00,0.00012499385716350245,0.0014999262859620294,buy,0.002714147292009024,1,1
2026-07-25 17:00:00+00:00,-0.0026875936526650542,0.03225112383198065,sell,0.0012920034595795505,-1,1
2026-07-25 18:00:00+00:00,-0.0009769286884009952,0.011723144260811943,sell,-0.00038390172115939774,-1,-1
2026-07-25 19:00:00+00:00,0.0007689164974453331,0.009226997969343998,buy,-0.0013495060701102929,1,-1
2026-07-25 20:00:00+00:00,0.001801864911931946,0.021622378943183352,buy,0.0002243314122731036,1,1
2026-07-25 21:00:00+00:00,8.556084699956516e-05,0.001026730163994782,buy,0.0016927882946625613,1,1
2026-07-25 22:00:00+00:00,-0.0013567923154147788,0.016281507784977348,sell,-0.0004957831774902903,-1,-1
2026-07-25 23:00:00+00:00,0.000923157274913384,0.011077887298960608,buy,0.0032855260841968617,1,1
2026-07-26 00:00:00+00:00,-0.002869348200449787,0.034432178405397446,sell,-0.0012599346109884856,-1,-1
2026-07-26 01:00:00+00:00,0.0017550691807096837,0.021060830168516204,buy,0.0012189409585453422,1,1
2026-07-26 02:00:00+00:00,-0.0005516433611630028,0.006619720333956034,sell,0.000659234331222725,-1,1
2026-07-26 03:00:00+00:00,-0.00015806565821380343,0.0018967878985656412,hold,0.0021517258966852553,-1,1
2026-07-26 04:00:00+00:00,-0.0015652442940846001,0.018782931529015202,sell,-0.001516227879507544,-1,-1
2026-07-26 05:00:00+00:00,0.0021583678085129888,0.025900413702155865,buy,0.0008229797175320986,1,1
2026-07-26 06:00:00+00:00,-0.00020091988122787678,0.002411038574734521,hold,-0.0017984561924720018,-1,-1
2026-07-26 07:00:00+00:00,0.002021123202556335,0.02425347843067602,buy,-7.440634367220428e-05,1,-1
2026-07-26 08:00:00+00:00,0.0007056942876538456,0.008468331451846146,buy,0.001265001966599633,1,1
2026-07-26 09:00:00+00:00,-0.0009377267883643769,0.011252721460372522,sell,0.0012846374349719041,-1,1
2026-07-26 10:00:00+00:00,-0.0007112196165984334,0.0085346353991812,sell,-0.00018555629778081902,-1,-1
2026-07-26 11:00:00+00:00,0.0006268169243914281,0.007521803092697137,buy,0.00037118147062101074,1,1
2026-07-26 12:00:00+00:00,0.0001287748958999792,0.0015452987507997501,buy,2.6503124718380195e-05,1,1
2026-07-26 13:00:00+00:00,0.0008162283358796772,0.009794740030556127,buy,0.006344679903743217,1,1
2026-07-26 14:00:00+00:00,-0.0062029805782737165,0.0744357669392846,sell,0.008448374846596786,-1,1
2026-07-26 15:00:00+00:00,-0.007923679902006292,0.0950841588240755,sell,0.0008200017757999908,-1,1
2026-07-26 16:00:00+00:00,-0.0007052008623669282,0.008462410348403138,sell,-0.0025936749817346972,-1,-1
2026-07-26 17:00:00+00:00,0.0030246969189300418,0.0362963630271605,buy,0.0017057078425935083,1,1
2026-07-26 18:00:00+00:00,-0.0016971095857916492,0.02036531502949979,sell,-0.00015147637229756417,-1,-1
2026-07-26 19:00:00+00:00,0.00033107402369255415,0.00397288828431065,buy,-0.00020896458050365216,1,-1
2026-07-26 20:00:00+00:00,0.0001643545164908493,0.0019722541978901918,buy,0.0063277249451353995,1,1
2026-07-26 21:00:00+00:00,-0.006369749118207118,0.07643698941848541,sell,0.012409718003437264,-1,1
2026-07-26 22:00:00+00:00,-0.011994185240969972,0.14393022289163968,sell,0.0025181940804489063,-1,1
2026-07-26 23:00:00+00:00,-0.004763515272009462,0.05716218326411354,sell,-0.006231071457804731,-1,-1
2026-07-27 00:00:00+00:00,0.004246183544956192,0.0509542025394743,buy,0.002913710914575804,1,1
2026-07-27 01:00:00+00:00,-0.002806502511498643,0.03367803013798372,sell,-0.002617801047120489,-1,-1
2026-07-27 02:00:00+00:00,0.002460123611535838,0.029521483338430056,buy,0.0033657557511194438,1,1
2026-07-27 03:00:00+00:00,-0.0030298214603347684,0.03635785752401722,sell,0.0019439486264130627,-1,1
2026-07-27 04:00:00+00:00,-0.002236616945718041,0.026839403348616495,sell,0.006255663115647874,-1,1
2026-07-27 05:00:00+00:00,-0.007257828438221082,0.08709394125865298,sell,0.0014244651896319052,-1,1
2026-07-27 06:00:00+00:00,-0.003024935048621314,0.03629922058345576,sell,-0.0020777769310879857,-1,-1
2026-07-27 07:00:00+00:00,0.0004929218097386234,0.005915061716863481,buy,-5.599788226185626e-05,1,-1
2026-07-27 08:00:00+00:00,-0.0004665348704904792,0.00559841844588575,hold,0.00047855415553012834,-1,1
2026-07-27 09:00:00+00:00,-0.0008445759404929335,0.010134911285915201,sell,0.0011398388959846168,-1,1
2026-07-27 10:00:00+00:00,-0.0019568760890457345,0.023482513068548816,sell,-0.0039442318151090465,-1,-1
2026-07-27 11:00:00+00:00,0.0026342848216575738,0.031611417859890883,buy,-0.0010614031954360452,1,-1
2026-07-27 12:00:00+00:00,0.0014287266239515705,0.017144719487418844,buy,0.001823670942332237,1,1
2026-07-27 13:00:00+00:00,-0.0019476352911323264,0.023371623493587918,sell,-0.014715780456464605,-1,-1
2026-07-27 14:00:00+00:00,0.015237969775158774,0.1828556373019053,buy,-0.002354706826062182,1,-1
2026-07-27 15:00:00+00:00,0.0006186620222271737,0.007423944266726085,buy,0.006650239917001653,1,1
2026-07-27 16:00:00+00:00,-0.006765653475260247,0.08118784170312296,sell,0.0016180812853955797,-1,1
2026-07-27 17:00:00+00:00,-0.0014635026999237043,0.01756203239908445,sell,-0.00232030498376815,-1,-1
2026-07-27 18:00:00+00:00,0.0015731343289486842,0.01887761194738421,buy,0.004697813531353083,1,1
2026-07-27 19:00:00+00:00,-0.00527028799957662,0.06324345599491943,sell,-0.0007391020936093612,-1,-1
2026-07-27 20:00:00+00:00,0.0007480897531254662,0.008977077037505596,buy,-0.002552815544951538,1,-1
2026-07-27 21:00:00+00:00,0.002185642079299262,0.026227704951591144,buy,-0.024872547505020947,1,-1
2026-07-27 22:00:00+00:00,0.025349200214131475,0.3041904025695777,buy,-0.0005650612589775752,1,-1
2026-07-27 23:00:00+00:00,0.0022005735697190653,0.026406882836628783,buy,-0.007223135168266856,1,-1
2026-07-28 00:00:00+00:00,0.008134640139175087,0.09761568167010104,buy,-0.0015754233950373148,1,-1
2026-07-28 01:00:00+00:00,0.002287642588330729,0.02745171105996875,buy,5.330774561538944e-05,1,1
2026-07-28 02:00:00+00:00,-0.00024079947448424948,0.0028895936938109937,hold,0.00286780383795315,-1,1
2026-07-28 03:00:00+00:00,-0.0026013062113415405,0.031215674536098484,sell,-0.0011693544100607241,-1,-1
2026-07-28 04:00:00+00:00,0.0008194603531901685,0.009833524238282022,buy,0.0021179450611437,1,1
2026-07-28 05:00:00+00:00,-0.0024034152632619564,0.028840983159143477,sell,0.0028993818900145546,-1,1
2026-07-28 06:00:00+00:00,-0.0028840059005430236,0.03460807080651628,sell,-0.0025362433946479247,-1,-1
2026-07-28 07:00:00+00:00,0.0019702449807428666,0.0236429397689144,buy,0.0003556584192841566,1,1
2026-07-28 08:00:00+00:00,-0.0007179832104252034,0.00861579852510244,sell,-0.004276996550809205,-1,-1
2026-07-28 09:00:00+00:00,0.00399032123968946,0.047883854876273516,buy,0.0012523715120120594,1,1
2026-07-28 10:00:00+00:00,-0.0010705291656212667,0.012846349987455201,sell,-0.001123063248154344,-1,-1
2026-07-28 11:00:00+00:00,0.0010372758797645648,0.012447310557174778,buy,0.008419123132340065,1,1
2026-07-28 12:00:00+00:00,-0.008190886171532802,0.09829063405839361,sell,-0.009722691917483985,-1,-1
2026-07-28 13:00:00+00:00,0.009948428609396263,0.11938114331275515,buy,0.007934559890719776,1,1
2026-07-28 14:00:00+00:00,-0.00784970398462492,0.09419644781549903,sell,0.016448291378808298,-1,1
2026-07-28 15:00:00+00:00,-0.015624115493825062,0.18748938592590075,sell,0.003072884657451532,-1,1
2026-07-28 16:00:00+00:00,-0.004310996952463068,0.05173196342955681,sell,-0.012477153775857758,-1,-1
2026-07-28 17:00:00+00:00,0.011775674854871188,0.14130809825845425,buy,0.004905646488492987,1,1
2026-07-28 18:00:00+00:00,-0.004776561780791775,0.057318741369501304,sell,0.00576071828465587,-1,1
2026-07-28 19:00:00+00:00,-0.005398461181268406,0.06478153417522087,sell,-0.0019040385385724298,-1,-1
2026-07-28 20:00:00+00:00,0.0017038246989887868,0.020445896387865443,buy,0.0028041718571645076,1,1
2026-07-28 21:00:00+00:00,-0.0031174046246815056,0.03740885549617807,sell,-0.006263156526936747,-1,-1
2026-07-28 22:00:00+00:00,0.006614833427988141,0.07937800113585769,buy,0.005403002249071566,1,1
2026-07-28 23:00:00+00:00,-0.005253702067382725,0.06304442480859271,sell,-0.0025803363801418333,-1,-1
2026-07-29 00:00:00+00:00,0.0020969624672973895,0.025163549607568676,buy,-0.006034622145029097,1,-1
2026-07-29 01:00:00+00:00,0.006344995312496293,0.07613994374995552,buy,0.0028336044498083975,1,1
2026-07-29 02:00:00+00:00,-0.0025437708407441933,0.03052525008893032,sell,-0.009627962953272914,-1,-1
2026-07-29 03:00:00+00:00,0.00996721711685042,0.11960660540220505,buy,0.006773392508057239,1,1
2026-07-29 04:00:00+00:00,-0.006432504869593691,0.07719005843512429,sell,0.003684033754565673,-1,1
2026-07-29 05:00:00+00:00,-0.003996714014340913,0.04796056817209096,sell,0.003994687692806477,-1,1
2026-07-29 06:00:00+00:00,-0.00418009724030359,0.05016116688364308,sell,0.002359153829328486,-1,1
2026-07-29 07:00:00+00:00,-0.0025830242676320885,0.030996291211585064,sell,-0.00500335115419991,-1,-1
2026-07-29 08:00:00+00:00,0.00466548427162879,0.05598581125954548,buy,0.0037752992042108,1,1
2026-07-29 09:00:00+00:00,-0.004000893147348839,0.048010717768186065,sell,-0.005280105706155544,-1,-1
2026-07-29 10:00:00+00:00,0.005258886195777202,0.06310663434932642,buy,0.0016212032465901958,1,1
2026-07-29 11:00:00+00:00,-0.0019257205248628848,0.02310864629835462,sell,-0.005236886897862417,-1,-1
2026-07-29 12:00:00+00:00,0.004998671345152597,0.059984056141831166,buy,0.0021047327619237526,1,1
2026-07-29 13:00:00+00:00,-0.002051315247164686,0.024615782965976232,sell,-0.007337998365841901,-1,-1
2026-07-29 14:00:00+00:00,0.00692857370194655,0.0831428844233586,buy,-0.0016462381874496068,1,-1
2026-07-29 15:00:00+00:00,0.0018459858592423967,0.02215183031090876,buy,0.001738799541252988,1,1
2026-07-29 16:00:00+00:00,-0.0016981236690885196,0.020377484029062233,sell,0.010952833175055392,-1,1
2026-07-29 17:00:00+00:00,-0.010656904296217951,0.12788285155461543,sell,0.0022910404141615903,-1,1
2026-07-29 18:00:00+00:00,-0.0028003195964512017,0.03360383515741442,sell,-0.016656686886568958,-1,-1
2026-07-29 19:00:00+00:00,0.01613473886783443,0.19361686641401316,buy,-0.0023351124666411735,1,-1
2026-07-29 20:00:00+00:00,0.002318191566440109,0.02781829879728131,buy,0.007552477244380765,1,1
2026-07-29 21:00:00+00:00,-0.007453967396527037,0.08944760875832444,sell,0.004635531347780715,-1,1
2026-07-29 22:00:00+00:00,-0.00479482566948807,0.05753790803385684,sell,0.0018561436256671964,-1,1
2026-07-29 23:00:00+00:00,-0.0015804482464216961,0.018965378957060353,sell,-0.006542036509797354,-1,-1
2026-07-30 00:00:00+00:00,0.0062142630762289115,0.07457115691474694,buy,0.009772313009029488,1,1
2026-07-30 01:00:00+00:00,-0.009382184398282081,0.11258621277938496,sell,-0.002952884279282377,-1,-1
2026-07-30 02:00:00+00:00,0.0028087102179382047,0.033704522615258456,buy,-0.000586046852352764,1,-1
2026-07-30 03:00:00+00:00,0.0004125710659607387,0.0049508527915288645,buy,-0.004188503604730915,1,-1
2026-07-30 04:00:00+00:00,0.004177650106642037,0.050131801279704444,buy,0.0022870782706533206,1,1
2026-07-30 05:00:00+00:00,-0.00207894021160538,0.024947282539264558,sell,-0.002633318295791927,-1,-1
2026-07-30 06:00:00+00:00,0.0028012652732515605,0.033615183279018725,buy,0.0010150842572528894,1,1
2026-07-30 07:00:00+00:00,-0.0009378842646386986,0.011254611175664384,sell,0.006168396164455542,-1,1
2026-07-30 08:00:00+00:00,-0.005813466554921886,0.06976159865906263,sell,0.0016553611246012108,-1,1
2026-07-30 09:00:00+00:00,-0.0017416916637537781,0.02090029996504534,sell,5.213329440709276e-05,-1,1
2026-07-30 10:00:00+00:00,6.826625804411768e-05,0.0008191950965294121,buy,0.0025856766027545987,1,1
2026-07-30 11:00:00+00:00,-0.0026431419770030825,0.03171770372403699,sell,0.0010451222429051232,-1,1
2026-07-30 12:00:00+00:00,-0.001036413177286546,0.012436958127438552,sell,0.002404907465601451,-1,1
2026-07-30 13:00:00+00:00,-0.0024616085214102155,0.029539302256922584,sell,-0.00645642689106972,-1,-1
2026-07-30 14:00:00+00:00,0.006328442239520133,0.0759413068742416,buy,0.0007823093772817356,1,1
2026-07-30 15:00:00+00:00,-0.0009037209422823785,0.010844651307388542,sell,0.00025014331127209245,-1,1
2026-07-30 16:00:00+00:00,-9.242590773350023e-05,0.0011091108928020029,hold,0.0007815023601371276,-1,1
2026-07-30 17:00:00+00:00,-0.00041771364449855164,0.00501256373398262,hold,-0.0023895297988422728,-1,-1
2026-07-30 18:00:00+00:00,0.0022968902881216275,0.02756268345745953,buy,0.0038564100423214127,1,1
2026-07-30 19:00:00+00:00,-0.0036531964839521796,0.043838357807426155,sell,-0.0010396739582466939,-1,-1
2026-07-30 20:00:00+00:00,0.0013279893665178912,0.015935872398214694,buy,-0.0015663377877690307,1,-1
2026-07-30 21:00:00+00:00,0.0014579683462879534,0.01749562015545544,buy,0.003627512808351637,1,1
2026-07-30 22:00:00+00:00,-0.003538896874406946,0.04246676249288335,sell,-0.0038013533233280344,-1,-1
2026-07-30 23:00:00+00:00,0.004066843930296861,0.04880212716356233,buy,-0.0006046989277019118,1,-1
2026-07-31 00:00:00+00:00,0.0010429330311808886,0.012515196374170662,buy,-0.0035417155673787607,1,-1
2026-07-31 01:00:00+00:00,0.0032858037472672367,0.03942964496720684,buy,-0.0032506962038567648,1,-1
2026-07-31 02:00:00+00:00,0.004082948391707252,0.04899538070048702,buy,0.0024945513746290997,1,1
2026-07-31 03:00:00+00:00,-0.0030705286437467446,0.036846343724960935,sell,-0.0015401540154015687,-1,-1
2026-07-31 04:00:00+00:00,0.0012237003269371222,0.014684403923245467,buy,8.91938970388008e-05,1,1
2026-07-31 05:00:00+00:00,-0.0002484546794373261,0.0029814561532479134,hold,-0.0018466736266677555,-1,-1
2026-07-31 06:00:00+00:00,0.0017129043456827833,0.0205548521481934,buy,-0.006522618928734662,1,-1
2026-07-31 07:00:00+00:00,0.006725942361841657,0.08071130834209989,buy,0.00013226113638768383,1,1
2026-07-31 08:00:00+00:00,-0.00020052115850807903,0.0024062539020969485,hold,-0.003549419450395428,-1,-1
2026-07-31 09:00:00+00:00,0.0036301120267054543,0.04356134432046545,buy,0.0017943028231071601,1,1
2026-07-31 10:00:00+00:00,-0.001257705030608846,0.015092460367306153,sell,-0.001515536902793622,-1,-1
2026-07-31 11:00:00+00:00,0.0016861340150461546,0.020233608180553857,buy,-0.0007111545115854066,1,-1
2026-07-31 12:00:00+00:00,0.0013183603403956411,0.01582032408474769,buy,-0.008391222144329117,1,-1
2026-07-31 13:00:00+00:00,0.008521425762425284,0.10225710914910341,buy,-0.0037115986117656264,1,-1
2026-07-31 14:00:00+00:00,0.006130298135839372,0.07356357763007246,buy,0.0014783436100613378,1,1
2026-07-31 15:00:00+00:00,0.0005615984998738614,0.006739181998486337,buy,0.0008749610830192501,1,1
2026-07-31 16:00:00+00:00,0.00028312200582194375,0.003397464069863325,buy,0.005599146183838662,1,1
2026-07-31 17:00:00+00:00,-0.00484541741133066,0.05814500893596792,sell,-0.0016959909547149422,-1,-1
2026-07-31 18:00:00+00:00,0.0014000900794784712,0.016801080953741655,buy,-0.001944621039303715,1,-1
2026-07-31 19:00:00+00:00,0.001619741730270526,0.019436900763246313,buy,-0.003179548118767392,1,-1
2026-07-31 20:00:00+00:00,0.003222809826180285,0.03867371791416342,buy,-0.00023627332527859017,1,-1
2026-07-31 21:00:00+00:00,0.0016956522859269164,0.020347827431122997,buy,-0.00017187575531334365,1,-1
2026-07-31 22:00:00+00:00,0.0015925400988565574,0.01911048118627869,buy,0.0005962965151571591,1,1
2026-07-31 23:00:00+00:00,0.0009386883675173147,0.011264260410207776,buy,0.0011274562439601292,1,1
2026-08-01 00:00:00+00:00,4.0310877858546006e-05,0.0004837305343025521,buy,0.0012495307556174865,1,1
2026-08-01 01:00:00+00:00,-0.0006152224011044748,0.007382668813253698,sell,0.0006534442403175242,-1,1
2026-08-01 02:00:00+00:00,-0.0005672773327611388,0.006807327993133666,sell,0.0008724742405995499,-1,1
2026-08-01 03:00:00+00:00,-0.0008566341215207854,0.010279609458249425,sell,-6.417524119201138e-05,-1,-1
2026-08-01 04:00:00+00:00,-0.0002035761459890786,0.002442913751868943,hold,-0.0011605767585145007,-1,-1
2026-08-01 05:00:00+00:00,0.001007500453495028,0.012090005441940336,buy,0.0015581578397828655,1,1
2026-08-01 06:00:00+00:00,-0.0013225203529458206,0.015870244235349846,sell,-0.00037423148890673377,-1,-1
2026-08-01 07:00:00+00:00,0.00019605399271506907,0.002352647912580829,buy,-0.0001657931329553671,1,-1
2026-08-01 08:00:00+00:00,0.00024631538247850404,0.0029557845897420485,buy,-0.0008344521767968512,1,-1
2026-08-01 09:00:00+00:00,0.0008434077378566817,0.01012089285428018,buy,-0.0003105041409475487,1,-1
2026-08-01 10:00:00+00:00,0.0006268582270769217,0.007522298724923061,buy,-0.00024098321150283457,1,-1
2026-08-01 11:00:00+00:00,0.00036589067048770936,0.004390688045852512,buy,0.0011569982323637337,1,1
2026-08-01 12:00:00+00:00,-0.0008696302974149448,0.010435563568979338,sell,0.00011770622665940488,-1,1
2026-08-01 13:00:00+00:00,-5.4935384752127336e-05,0.000659224617025528,hold,0.0031562954720534596,-1,1
2026-08-01 14:00:00+00:00,-0.003212915939609355,0.038554991275312256,sell,-0.0027144060836827104,-1,-1
2026-08-01 15:00:00+00:00,0.002837299886891722,0.03404759864270067,buy,-0.0006951537091797478,1,-1
2026-08-01 16:00:00+00:00,0.0010866223421412977,0.013039468105695572,buy,-0.0035959096527699887,1,-1
2026-08-01 17:00:00+00:00,0.0037606096087101117,0.04512731530452134,buy,-0.013565548019139985,1,-1
2026-08-01 18:00:00+00:00,0.0150420924927115,0.180505109912538,buy,0.0002667668403373289,1,1
2026-08-01 19:00:00+00:00,0.0017620927778548632,0.021145113334258357,buy,0.0006041473901921991,1,1
2026-08-01 20:00:00+00:00,0.001418238884783015,0.01701886661739618,buy,0.004008898994239528,1,1
2026-08-01 21:00:00+00:00,-0.002516348916099085,0.030196186993189017,sell,0.0008126645645743264,-1,1
2026-08-01 22:00:00+00:00,-0.0010665041034320455,0.012798049241184547,sell,-0.0012667272963491827,-1,-1
2026-08-01 23:00:00+00:00,0.0014317094052346865,0.017180512862816237,buy,0.0009485403319349138,1,1
2026-08-02 00:00:00+00:00,-0.0007904017166667251,0.009484820600000702,sell,0.005631697794432127,-1,1
2026-08-02 01:00:00+00:00,-0.005655954312581722,0.06787145175098067,sell,0.010667226682605675,-1,1
2026-08-02 02:00:00+00:00,-0.010486594557435126,0.1258391346892215,sell,0.00028238052107196584,-1,1
2026-08-02 03:00:00+00:00,0.0002575697942130531,0.003090837530556637,buy,0.002018717076002814,1,1
2026-08-02 04:00:00+00:00,-0.0015429894131125472,0.018515872957350566,sell,-0.0025993770000319475,-1,-1
2026-08-02 05:00:00+00:00,0.002989766892643565,0.03587720271172278,buy,0.0006448759013606542,1,1
2026-08-02 06:00:00+00:00,-6.0343140273304977e-05,0.0007241176832796597,hold,-0.000766961023466906,-1,-1
2026-08-02 07:00:00+00:00,0.001255882279265843,0.015070587351190115,buy,-0.004210862960396495,1,-1
2026-08-02 08:00:00+00:00,0.0048353546333636845,0.058024255600364213,buy,0.0014720051386361204,1,1
2026-08-02 09:00:00+00:00,-0.0008376291859120991,0.01005155023094519,sell,-0.0011758732194874504,-1,-1
2026-08-02 10:00:00+00:00,0.00131868575281126,0.01582422903373512,buy,-0.008652842809364587,1,-1
2026-08-02 11:00:00+00:00,0.009045225456945014,0.10854270548334016,buy,0.0024182491444364176,1,1
2026-08-02 12:00:00+00:00,-0.00179142467313707,0.02149709607764484,sell,-0.0011685136721483664,-1,-1
2026-08-02 13:00:00+00:00,0.0014429409334757713,0.017315291201709257,buy,2.6955776353290234e-05,1,1
2026-08-02 14:00:00+00:00,0.00032745493139303434,0.003929459176716412,buy,0.002091711861300032,1,1
2026-08-02 15:00:00+00:00,-0.0017179756394026786,0.020615707672832145,sell,0.0023186752886240588,-1,1
2026-08-02 16:00:00+00:00,-0.001985240629188761,0.023822887550265133,sell,0.002962756222056422,-1,1
2026-08-02 17:00:00+00:00,-0.002689723693329085,0.03227668431994902,sell,0.00385840044952228,-1,1
2026-08-02 18:00:00+00:00,-0.003502378983653292,0.04202854780383951,sell,0.0033797831394667757,-1,1
2026-08-02 19:00:00+00:00,-0.0022016368180136827,0.026419641816164192,sell,0.0008394432047603482,-1,1
2026-08-02 20:00:00+00:00,-0.0008905313999309842,0.010686376799171811,sell,0.0035301362154816864,-1,1
2026-08-02 21:00:00+00:00,-0.0035545699316157768,0.04265483917938932,sell,-0.004401115090217656,-1,-1
2026-08-02 22:00:00+00:00,0.004813372487124604,0.05776046984549525,buy,0.0017267853632359428,1,1
2026-08-02 23:00:00+00:00,-0.0013225427146449033,0.01587051257573884,sell,-0.006094326812916371,-1,-1
2026-08-03 00:00:00+00:00,0.0056891306487507586,0.0682695677850091,buy,-0.003564815061877204,1,-1
2026-08-03 01:00:00+00:00,0.004004646041198813,0.04805575249438576,buy,-0.001435311885774915,1,-1
2026-08-03 02:00:00+00:00,0.0016851348689070342,0.02022161842688441,buy,-0.003909874444223932,1,-1
2026-08-03 03:00:00+00:00,0.004226731330506446,0.05072077596607735,buy,-0.0012114881381850293,1,-1
2026-08-03 04:00:00+00:00,0.0012220058000363173,0.014664069600435807,buy,0.0026469430772465764,1,1
2026-08-03 05:00:00+00:00,-0.0021354052431193766,0.025624862917432517,sell,-0.005699292427468512,-1,-1
2026-08-03 06:00:00+00:00,0.005633361103681248,0.06760033324417498,buy,-0.002871387783353492,1,-1
2026-08-03 07:00:00+00:00,0.003535692119420925,0.0424283054330511,buy,-0.001979424827952782,1,-1
2026-08-03 08:00:00+00:00,0.0025083657839210694,0.030100389407052834,buy,0.006689054077551824,1,1
2026-08-03 09:00:00+00:00,-0.0056267558824889055,0.06752107058986687,sell,-0.0034491506668898266,-1,-1
2026-08-03 10:00:00+00:00,0.003585891550356205,0.043030698604274456,buy,-0.0034394228269346936,1,-1
2026-08-03 11:00:00+00:00,0.00423206991467029,0.05078483897604348,buy,0.0020707759703025427,1,1
2026-08-03 12:00:00+00:00,-0.0007308339739806686,0.008770007687768023,sell,0.008396159895861592,-1,1
2026-08-03 13:00:00+00:00,-0.008152886847047774,0.09783464216457328,sell,0.007858303122882077,-1,1
2026-08-03 14:00:00+00:00,-0.008069826576407856,0.09683791891689428,sell,-0.0055769323136531015,-1,-1
2026-08-03 15:00:00+00:00,0.005719493541621911,0.06863392249946293,buy,0.0015456116436077738,1,1
2026-08-03 16:00:00+00:00,-0.0009559895843866486,0.011471875012639784,sell,0.0014039073635476475,-1,1
2026-08-03 17:00:00+00:00,-0.0007268240726878818,0.008721888872254582,sell,6.421095438888201e-05,-1,1
2026-08-03 18:00:00+00:00,0.0005417317144050102,0.006500780572860123,buy,0.0006634705932711289,1,1
2026-08-03 19:00:00+00:00,-0.00023825554484528625,0.002859066538143435,hold,-0.0006576836701957107,-1,-1
2026-08-03 20:00:00+00:00,0.0013035795168500719,0.01564295420220086,buy,-0.0028732403409365147,1,-1
2026-08-03 21:00:00+00:00,0.0033612567810675743,0.04033508137281089,buy,-0.0017171066752521024,1,-1
2026-08-03 22:00:00+00:00,0.001974781830095212,0.023697381961142544,buy,5.3751881315797163e-05,1,1
2026-08-03 23:00:00+00:00,-6.122336468372633e-05,0.000734680376204716,hold,-0.004944907282988469,-1,-1
2026-08-04 00:00:00+00:00,0.004995634254557689,0.05994761105469226,buy,0.008826230216604627,1,1
2026-08-04 01:00:00+00:00,-0.008111196445771924,0.09733435734926309,sell,-0.000787089589000036,-1,-1
2026-08-04 02:00:00+00:00,0.0011182505744464512,0.013419006893357415,buy,-0.0010609965865917993,1,-1
2026-08-04 03:00:00+00:00,0.0016413402121638098,0.019696082545965717,buy,0.002049147350860125,1,1
2026-08-04 04:00:00+00:00,-0.0018797162317473418,0.022556594780968102,sell,-0.0019218312535799692,-1,-1
2026-08-04 05:00:00+00:00,0.002668870872032024,0.03202645046438429,buy,-0.0040012443548127765,1,-1
2026-08-04 06:00:00+00:00,0.004530998501992782,0.054371982023913384,buy,0.0037211356195070732,1,1
2026-08-04 07:00:00+00:00,-0.002554273675396538,0.030651284104758453,sell,-0.0032083782667244984,-1,-1
2026-08-04 08:00:00+00:00,0.002933498468706875,0.0352019816244825,buy,0.00044136089865381495,1,1
2026-08-04 09:00:00+00:00,-0.00013969397968288284,0.001676327756194594,hold,0.00442780207778514,-1,1
2026-08-04 10:00:00+00:00,-0.00457023007620169,0.05484276091442028,sell,0.003187033327262818,-1,1
2026-08-04 11:00:00+00:00,-0.0026763932284226367,0.03211671874107164,sell,0.0011853338957439037,-1,1
2026-08-04 12:00:00+00:00,-0.0007311960262392514,0.008774352314871017,sell,-0.006959591703953345,-1,-1
2026-08-04 13:00:00+00:00,0.007679217034169379,0.09215060441003255,buy,0.005891324661933572,1,1
2026-08-04 14:00:00+00:00,-0.005656529432860308,0.0678783531943237,sell,2.1355771130181375e-05,-1,1
2026-08-04 15:00:00+00:00,0.0002647256203558016,0.0031767074442696193,buy,-0.0018098629522654642,1,-1
2026-08-04 16:00:00+00:00,0.0018865015474252213,0.022638018569102657,buy,-8.022763253609759e-05,1,-1
2026-08-04 17:00:00+00:00,0.00025580372711433877,0.003069644725372065,buy,0.0030809882697790305,1,1
2026-08-04 18:00:00+00:00,-0.0023216387871339175,0.02785966544560701,sell,-1.599752571600804e-05,-1,-1
2026-08-04 19:00:00+00:00,0.0006779026510558676,0.008134831812670412,buy,0.0007412305493638749,1,1
2026-08-04 20:00:00+00:00,-0.00023763752655709926,0.002851650318685191,hold,-0.002307302906775453,-1,-1
2026-08-04 21:00:00+00:00,0.0022303404360041923,0.02676408523205031,buy,0.0017732011621945842,1,1
2026-08-04 22:00:00+00:00,-0.001533085219154531,0.01839702262985437,sell,-0.0031402614574225864,-1,-1
2026-08-04 23:00:00+00:00,0.0030140486406218126,0.03616858368746175,buy,-0.003112715603690299,1,-1
2026-08-05 00:00:00+00:00,0.0035538693556575037,0.04264643226789004,buy,0.005064567875402953,1,1
2026-08-05 01:00:00+00:00,-0.005012918565356705,0.06015502278428046,sell,0.0005978530669329168,-1,1
2026-08-05 02:00:00+00:00,-0.0008250983319282178,0.009901179983138613,sell,-0.003595644682020181,-1,-1
2026-08-05 03:00:00+00:00,0.0037104227858492695,0.044525073430191235,buy,-0.0001338508901084192,1,-1
2026-08-05 04:00:00+00:00,-6.97444331055115e-05,0.000836933197266138,hold,0.003191432396251693,-1,1
2026-08-05 05:00:00+00:00,-0.003215707029393317,0.038588484352719804,sell,-0.0019109028215173675,-1,-1
2026-08-05 06:00:00+00:00,0.002050488220116947,0.024605858641403362,buy,0.0012407213297109634,1,1
2026-08-05 07:00:00+00:00,-0.002021616132528614,0.02425939359034337,sell,-0.001180429441299026,-1,-1
2026-08-05 08:00:00+00:00,0.0006604652445482132,0.007925582934578559,buy,0.001042786325060586,1,1
2026-08-05 09:00:00+00:00,-0.0010814306580531792,0.01297716789663815,sell,-0.0019284806136949514,-1,-1
2026-08-05 10:00:00+00:00,0.0018884402872696739,0.022661283447236086,buy,0.0003157900370920263,1,1
2026-08-05 11:00:00+00:00,-0.00035146804058788577,0.00421761648705463,hold,0.003922051238148197,-1,1
2026-08-05 12:00:00+00:00,-0.004064455621326713,0.04877346745592055,sell,0.001215189873417707,-1,1
2026-08-05 13:00:00+00:00,-0.0009724568497744398,0.011669482197293277,sell,-0.001405354186518114,-1,-1
2026-08-05 14:00:00+00:00,2.1884856586467145e-05,0.00026261827903760574,buy,-0.0010554989898128452,1,-1
2026-08-05 15:00:00+00:00,0.0009039224764464706,0.010847069717357648,buy,0.01155338303333664,1,1
2026-08-05 16:00:00+00:00,-0.01106429290086246,0.13277151481034952,sell,0.011178754563295309,-1,1
2026-08-05 17:00:00+00:00,-0.012528092000729227,0.15033710400875072,sell,0.0006834485457153753,-1,1
2026-08-05 18:00:00+00:00,-0.0024675554235169305,0.029610665082203166,sell,-0.000537000928021007,-1,-1
2026-08-05 19:00:00+00:00,-0.0008910313442727424,0.01069237613127291,sell,3.651481719114273e-05,-1,1
2026-08-05 20:00:00+00:00,-0.0010321529017548673,0.012385834821058407,sell,-0.004355537009024,-1,-1
2026-08-05 21:00:00+00:00,0.0035006990510806613,0.042008388612967934,buy,-0.000990176817288854,1,-1
2026-08-05 22:00:00+00:00,0.001192224388569297,0.014306692662831563,buy,0.0010698215915170442,1,1
2026-08-05 23:00:00+00:00,-0.0006334086818127292,0.00760090418175275,sell,0.0007857928650007857,-1,1
2026-08-06 00:00:00+00:00,-0.0007548939006113689,0.009058726807336426,sell,-0.001910594639866044,-1,-1
2026-08-06 01:00:00+00:00,0.0018948203010328724,0.02273784361239447,buy,-0.003954372623574126,1,-1
2026-08-06 02:00:00+00:00,0.0038944110470856166,0.0467329325650274,buy,-9.477624907201608e-05,1,-1
2026-08-06 03:00:00+00:00,0.0002329902316274828,0.0027958827795297935,buy,0.0045654886968610675,1,1
2026-08-06 04:00:00+00:00,-0.004821558026027237,0.057858696312326846,sell,0.0034806311264873263,-1,1
2026-08-06 05:00:00+00:00,-0.004012364210991727,0.04814837053190072,sell,-0.00035521380736955625,-1,-1
2026-08-06 06:00:00+00:00,-0.00037677960075480115,0.004521355209057614,hold,-0.0022626798908897895,-1,-1
2026-08-06 07:00:00+00:00,0.0016271749738693423,0.019526099686432107,buy,0.003629545442642217,1,1
2026-08-06 08:00:00+00:00,-0.0035252226547028923,0.04230267185643471,sell,-0.004482690240364,-1,-1
2026-08-06 09:00:00+00:00,0.0035596933712783874,0.04271632045534065,buy,-0.00266817636173979,1,-1
2026-08-06 10:00:00+00:00,0.0024052951275606318,0.02886354153072758,buy,0.0027278747805611616,1,1
2026-08-06 11:00:00+00:00,-0.002742440157513487,0.032909281890161846,sell,-0.004549814705126962,-1,-1
2026-08-06 12:00:00+00:00,0.004172217245881168,0.05006660695057401,buy,0.004391577018466816,1,1
2026-08-06 13:00:00+00:00,-0.004563371348245985,0.054760456178951825,sell,0.003973933512632142,-1,1
2026-08-06 14:00:00+00:00,-0.004437800305339683,0.05325360366407619,sell,-0.0022558628936663184,-1,-1
2026-08-06 15:00:00+00:00,0.0009386226975399215,0.011263472370479057,buy,0.00265872538193005,1,1
2026-08-06 16:00:00+00:00,-0.002617016397256575,0.0314041967670789,sell,-0.0008821518240707676,-1,-1
2026-08-06 17:00:00+00:00,7.2500283808086955e-06,8.700034056970434e-05,buy,-0.0042474713700576166,1,-1
2026-08-06 18:00:00+00:00,0.003884220457285877,0.046610645487430526,buy,0.0021564049424171146,1,1
2026-08-06 19:00:00+00:00,-0.0021275248029285695,0.025530297635142835,sell,-0.0015287477880275204,-1,-1
2026-08-06 20:00:00+00:00,0.0016159072560695787,0.019390887072834945,buy,-0.0004509370051491381,1,-1
2026-08-06 21:00:00+00:00,0.00036878170595292783,0.004425380471435134,buy,-0.0005403193654657095,1,-1
2026-08-06 22:00:00+00:00,0.0005311020026602315,0.006373224031922778,buy,-0.0006035953286970691,1,-1
2026-08-06 23:00:00+00:00,0.0004980397217539636,0.005976476661047564,buy,-0.00011554015020209018,1,-1
2026-08-07 00:00:00+00:00,-0.0001682399664666978,0.0020188795976003736,hold,-0.00027312645754995544,-1,-1
2026-08-07 01:00:00+00:00,0.00010292742572969855,0.0012351291087563825,buy,-0.0003309936112978532,1,-1
2026-08-07 02:00:00+00:00,0.00023758743743466907,0.002851049249216029,buy,-0.0027854714016176518,1,-1
2026-08-07 03:00:00+00:00,0.002666861344879582,0.03200233613855498,buy,5.270286650886149e-06,1,1
2026-08-07 04:00:00+00:00,-0.00030605438023928276,0.003672652562871393,hold,0.002181887174297934,-1,1
2026-08-07 05:00:00+00:00,-0.0024870578777348145,0.029844694532817774,sell,0.001551341516002506,-1,1
2026-08-07 06:00:00+00:00,-0.0019379408287057518,0.023255289944469022,sell,-0.0011393887205767685,-1,-1
2026-08-07 07:00:00+00:00,0.0007594889853694811,0.009113867824433772,buy,0.004384028259635477,1,1
2026-08-07 08:00:00+00:00,-0.004512966116213345,0.054155593394560136,sell,0.0012246820536975548,-1,1
2026-08-07 09:00:00+00:00,-0.0015645181453373398,0.018774217744048076,sell,-9.931836239705106e-05,-1,-1
2026-08-07 10:00:00+00:00,-0.0004486283561858362,0.0053835402742300345,hold,0.001819274903939158,-1,1
2026-08-07 11:00:00+00:00,-0.0021549569767501417,0.0258594837210017,sell,0.008244926500133162,-1,1
2026-08-07 12:00:00+00:00,-0.009006047991318674,0.10807257589582409,sell,-0.0044665731601911405,-1,-1
2026-08-07 13:00:00+00:00,0.0030106088778618168,0.036127306534341805,buy,-0.005162464257863303,1,-1
2026-08-07 14:00:00+00:00,0.005607592548519241,0.06729111058223089,buy,0.0022523346415339774,1,1
2026-08-07 15:00:00+00:00,-0.0017384001094213895,0.020860801313056673,sell,-0.004364193797317934,-1,-1
2026-08-07 16:00:00+00:00,0.004631935346192198,0.05558322415430638,buy,0.0015396620075307564,1,1
2026-08-07 17:00:00+00:00,-0.0010778516559819507,0.01293421987178341,sell,-0.0013542837721248376,-1,-1
2026-08-07 18:00:00+00:00,0.0010896308152469722,0.013075569782963667,buy,0.004707151309520074,1,1
2026-08-07 19:00:00+00:00,-0.004574320831147687,0.05489184997377224,sell,-0.002105427730150853,-1,-1
2026-08-07 20:00:00+00:00,0.0018990225860189658,0.022788271032227587,buy,0.0009087063468438169,1,1
2026-08-07 21:00:00+00:00,-0.0008646931861847935,0.010376318234217523,sell,-0.0008922282225874809,-1,-1
2026-08-07 22:00:00+00:00,0.000975643165808265,0.01170771798969918,buy,-0.0003446763176034836,1,-1
2026-08-07 23:00:00+00:00,0.00023442626548738122,0.0028131151858485745,buy,8.881087463030926e-05,1,1
2026-08-08 00:00:00+00:00,-7.966816694631217e-05,0.0009560180033557461,hold,0.00015671115522249428,-1,1
2026-08-08 01:00:00+00:00,-0.000267684792474863,0.003212217509698356,hold,-0.0007677643433525852,-1,-1
2026-08-08 02:00:00+00:00,0.0007206333985957214,0.008647600783148655,buy,0.002561180861183926,1,1
2026-08-08 03:00:00+00:00,-0.002680743323849606,0.032168919886195274,sell,-0.0005630630630630251,-1,-1
2026-08-08 04:00:00+00:00,0.0002627581634680726,0.0031530979616168713,buy,0.000292123109024489,1,1
2026-08-08 05:00:00+00:00,-0.0004926046861316179,0.005911256233579415,hold,-0.0005840755960699487,-1,-1
2026-08-08 06:00:00+00:00,0.00030318346262623886,0.0036382015515148665,buy,-0.0006939951159442271,1,-1
2026-08-08 07:00:00+00:00,0.0005707335557635285,0.006848802669162343,buy,0.0009085639989347918,1,1
2026-08-08 08:00:00+00:00,-0.0010531742596352992,0.012638091115623591,sell,0.0010955473824243612,-1,1
2026-08-08 09:00:00+00:00,-0.001324690086217423,0.015896281034609078,sell,0.0011568826702102854,-1,1
2026-08-08 10:00:00+00:00,-0.0012685688097051541,0.01522282571646185,sell,-9.369290588550917e-05,-1,-1
2026-08-08 11:00:00+00:00,-0.00016100284433297218,0.0019320341319956661,hold,-0.0009370168506863412,-1,-1
2026-08-08 12:00:00+00:00,0.0007908091202408113,0.009489709442889736,buy,0.00042205305363197254,1,1
2026-08-08 13:00:00+00:00,-0.00047817349651199474,0.0057380819581439365,hold,0.0019635416666666573,-1,1
2026-08-08 14:00:00+00:00,-0.0021953354999611372,0.026344025999533647,sell,-0.0005977845584451836,-1,-1
2026-08-08 15:00:00+00:00,0.0005880264162074194,0.007056316994489033,buy,-8.321977301799341e-05,1,-1
2026-08-08 16:00:00+00:00,-0.0001223692729857435,0.0014684312758289218,hold,0.0007230319486490604,-1,1
2026-08-08 17:00:00+00:00,-0.0006939355779976102,0.008327226935971321,sell,-0.0014294253710008576,-1,-1
2026-08-08 18:00:00+00:00,0.001512626456814784,0.01815151748177741,buy,-0.00035916922596420135,1,-1
2026-08-08 19:00:00+00:00,0.000167774862734123,0.0020132983528094762,buy,-1.0414442749195124e-05,1,-1
2026-08-08 20:00:00+00:00,-9.19245794096988e-05,0.0011030949529163858,hold,0.00022391285103538148,-1,1
2026-08-08 21:00:00+00:00,-0.0002967142701052039,0.003560571241262447,hold,-0.002118886725460968,-1,-1
2026-08-08 22:00:00+00:00,0.002070177536488426,0.024842130437861112,buy,-5.217164471105207e-06,1,-1
2026-08-08 23:00:00+00:00,3.826214463712501e-05,0.00045914573564550013,buy,0.0007043208781576578,1,1
2026-08-09 00:00:00+00:00,-0.0008128939962474887,0.009754727954969865,sell,-0.001016636341360321,-1,-1
2026-08-09 01:00:00+00:00,0.00093842185443093,0.01126106225317116,buy,-0.0006993225964700624,1,-1
2026-08-09 02:00:00+00:00,0.00054932496842549,0.00659189962110588,buy,-0.0003969082932943341,1,-1
2026-08-09 03:00:00+00:00,0.0002356506009822346,0.0028278072117868154,buy,-0.0004597605065724237,1,-1
2026-08-09 04:00:00+00:00,0.0002271769491877084,0.002726123390252501,buy,0.000679504066570467,1,1
2026-08-09 05:00:00+00:00,-0.0007820331973609174,0.00938439836833101,sell,0.0025437982512039378,-1,1
2026-08-09 06:00:00+00:00,-0.002713306354574387,0.032559676254892644,sell,-0.00018756545252765285,-1,-1
2026-08-09 07:00:00+00:00,-0.0002493020566890241,0.002991624680268289,hold,-0.0015789720527157657,-1,-1
2026-08-09 08:00:00+00:00,0.0012654296609954099,0.01518515593194492,buy,0.0028758729396536377,1,1
2026-08-09 09:00:00+00:00,-0.002697779841381883,0.032373358096582594,sell,-0.0007025943948581209,-1,-1
2026-08-09 10:00:00+00:00,0.00016179605173788456,0.0019415526208546147,buy,-0.00045310140096864275,1,-1
2026-08-09 11:00:00+00:00,0.0002773991860222635,0.003328790232267162,buy,-0.0009014031668950663,1,-1
2026-08-09 12:00:00+00:00,0.0007919689216390909,0.00950362705966909,buy,0.003056062581486258,1,1
2026-08-09 13:00:00+00:00,-0.00316752544514744,0.03801030534176928,sell,0.0008890691290242266,-1,1
2026-08-09 14:00:00+00:00,-0.001008963179541018,0.012107558154492215,sell,0.0007739978286503915,-1,1
2026-08-09 15:00:00+00:00,-0.0009618100608347955,0.011541720730017547,sell,-0.001271696702931674,-1,-1
2026-08-09 16:00:00+00:00,0.0010521143628230475,0.01262537235387657,buy,-0.000519720805983026,1,-1
2026-08-09 17:00:00+00:00,0.0004045444462164795,0.004854533354597754,buy,-0.0008267857792845538,1,-1
2026-08-09 18:00:00+00:00,0.0007969218853079125,0.00956306262369495,buy,0.00027061909321785975,1,1
2026-08-09 19:00:00+00:00,-0.00035558313572303185,0.0042669976286763825,hold,-0.0006815675011966169,-1,-1
2026-08-09 20:00:00+00:00,0.0005366257313440765,0.006439508776128918,buy,0.0020825415336877123,1,1
2026-08-09 21:00:00+00:00,-0.002262642861309425,0.027151714335713097,sell,-0.0026912865700644056,-1,-1
2026-08-09 22:00:00+00:00,0.002597656974366312,0.031171883692395742,buy,-0.004636503347138581,1,-1
2026-08-09 23:00:00+00:00,0.005101300503780672,0.06121560604536806,buy,0.0011148038625598,1,1
2026-08-10 00:00:00+00:00,-0.0018689768565570753,0.022427722278684906,sell,0.006508850991750251,-1,1
2026-08-10 01:00:00+00:00,-0.005961155433585549,0.07153386520302658,sell,-0.0008882055650493896,-1,-1
2026-08-10 02:00:00+00:00,0.00015918818657106664,0.0019102582388527997,buy,-0.003160871735152183,1,-1
2026-08-10 03:00:00+00:00,0.0021131304720633684,0.02535756566476042,buy,-0.0008605223631509152,1,-1
2026-08-10 04:00:00+00:00,0.0007305514414295376,0.008766617297154451,buy,0.0038521967439020506,1,1
2026-08-10 05:00:00+00:00,-0.0038231958527445973,0.04587835023293517,sell,0.002527077689439779,-1,1
2026-08-10 06:00:00+00:00,-0.0028644289554185932,0.03437314746502312,sell,-0.0014366996364164363,-1,-1
2026-08-10 07:00:00+00:00,0.0009883983615489207,0.011860780338587049,buy,0.0007998919626439876,1,1
2026-08-10 08:00:00+00:00,-0.0007703611260259254,0.009244333512311104,sell,-0.005402740294789213,-1,-1
2026-08-10 09:00:00+00:00,0.005402312475738722,0.06482774970886467,buy,0.000709667656374694,1,1
2026-08-10 10:00:00+00:00,-0.0006774072842279513,0.008128887410735416,sell,0.0013922565506453255,-1,1
2026-08-10 11:00:00+00:00,-0.001298309969056119,0.015579719628673428,sell,-0.007508774122327445,-1,-1
2026-08-10 12:00:00+00:00,0.0073749560624329765,0.08849947274919572,buy,-0.004407135362014738,1,-1
2026-08-10 13:00:00+00:00,0.004263870607163273,0.051166447285959274,buy,-0.002113195615514329,1,-1
2026-08-10 14:00:00+00:00,0.0024285887168405554,0.029143064602086665,buy,-0.008761136254416171,1,-1
2026-08-10 15:00:00+00:00,0.008924533423109766,0.10709440107731719,buy,-0.0024720298348428877,1,-1
2026-08-10 16:00:00+00:00,0.003951266727977563,0.04741520073573076,buy,0.0007156743361320182,1,1
2026-08-10 17:00:00+00:00,0.0005259251232452283,0.006311101478942739,buy,-0.0004002775257511875,1,-1
2026-08-10 18:00:00+00:00,0.0011605032275453428,0.013926038730544113,buy,0.002968578979684426,1,1
2026-08-10 19:00:00+00:00,-0.002044685015697229,0.02453622018836675,sell,0.000649450894592005,-1,1
2026-08-10 20:00:00+00:00,-0.0008082096701834111,0.009698516042200933,sell,-0.0028089140461661903,-1,-1
2026-08-10 21:00:00+00:00,0.0027485659322383496,0.03298279118686019,buy,0.0009015978020219555,1,1
2026-08-10 22:00:00+00:00,-0.0003684000017254586,0.004420800020705503,hold,-0.001588367605828999,-1,-1
2026-08-10 23:00:00+00:00,0.001548410600448171,0.018580927205378052,buy,0.0011531316064830844,1,1
2026-08-11 00:00:00+00:00,-0.0003641837871886811,0.0043702054462641735,hold,0.0015037433611331207,-1,1
2026-08-11 01:00:00+00:00,-0.001383304972752871,0.01659965967303445,sell,0.00024492316866677084,-1,1
2026-08-11 02:00:00+00:00,-0.00048592084899579216,0.005831050187949506,hold,0.0012935164484190694,-1,1
2026-08-11 03:00:00+00:00,-0.0012354585629646034,0.01482550275557524,sell,-0.0025411609596869655,-1,-1
2026-08-11 04:00:00+00:00,0.002460123100255265,0.029521477203063178,buy,-0.0011832111925383223,1,-1
2026-08-11 05:00:00+00:00,0.0014934251057342521,0.017921101268811024,buy,0.00011205797132385094,1,1
2026-08-11 06:00:00+00:00,0.00047524493040256716,0.005702939164830806,buy,0.0019794690114393228,1,1
2026-08-11 07:00:00+00:00,-0.0015153313730738329,0.018183976476885994,sell,0.0006709443808408056,-1,1
2026-08-11 08:00:00+00:00,-0.0008881465012499717,0.010657758014999661,sell,0.003299258731062545,-1,1
2026-08-11 09:00:00+00:00,-0.003313053954321387,0.03975664745185664,sell,0.00039779146180406383,-1,1
2026-08-11 10:00:00+00:00,-0.0005112463109798882,0.006134955731758659,sell,0.0036105102430334358,-1,1
2026-08-11 11:00:00+00:00,-0.003392842112109237,0.04071410534531084,sell,-0.0026255038378843972,-1,-1
2026-08-11 12:00:00+00:00,0.0030280065231845467,0.036336078278214556,buy,0.0010752118644067653,1,1
2026-08-11 13:00:00+00:00,-0.0006169765098245265,0.0074037181178943185,sell,-0.008645365417480103,-1,-1
2026-08-11 14:00:00+00:00,0.00872209894242884,0.10466518730914606,buy,-0.005844083066035494,1,-1
2026-08-11 15:00:00+00:00,0.007128998954143204,0.08554798744971845,buy,0.0011166346350000146,1,1
2026-08-11 16:00:00+00:00,0.0003419319871052914,0.004103183845263497,buy,-6.971182205246714e-05,1,-1
2026-08-11 17:00:00+00:00,0.0008668461136616377,0.010402153363939654,buy,0.0007186181081037159,1,1
2026-08-11 18:00:00+00:00,0.00014593032266344314,0.0017511638719613178,buy,0.008504686419832543,1,1
2026-08-11 19:00:00+00:00,-0.008114208852433474,0.09737050622920168,sell,0.00017004091609540162,-1,1
2026-08-11 20:00:00+00:00,-0.0004710626552645006,0.005652751863174007,hold,0.0013069673045659042,-1,1
2026-08-11 21:00:00+00:00,-0.0012330528662808698,0.014796634395370437,sell,-0.0013370970138166594,-1,-1
2026-08-11 22:00:00+00:00,0.0014047705502542856,0.016857246603051428,buy,0.0002284609172439305,1,1
2026-08-11 23:00:00+00:00,4.781406882536549e-06,5.737688259043859e-05,buy,-0.00012748394499068256,1,-1
2026-08-12 00:00:00+00:00,0.0001793294229124608,0.0021519530749495295,buy,0.0012856270087922398,1,1
2026-08-12 01:00:00+00:00,-0.0011088479187393045,0.013306175024871653,sell,-0.0001591706149821753,-1,-1
2026-08-12 02:00:00+00:00,0.000404949745308288,0.004859396943699456,buy,0.0011409043391509886,1,1
2026-08-12 03:00:00+00:00,-0.0007630343600203677,0.009156412320244412,sell,0.0014841356499985063,-1,1
2026-08-12 04:00:00+00:00,-0.0013123860526930767,0.01574863263231692,sell,0.0012120121518772763,-1,1
2026-08-12 05:00:00+00:00,-0.0007018645478417554,0.008422374574101065,sell,-0.0021039165622637815,-1,-1
2026-08-12 06:00:00+00:00,0.002330186008686469,0.027962232104237626,buy,0.002097757624236536,1,1
2026-08-12 07:00:00+00:00,-0.0018983008781270393,0.02277961053752447,sell,-0.0003911846021282605,-1,-1
2026-08-12 08:00:00+00:00,0.0006715946054530341,0.00805913526543641,buy,0.007874348872259908,1,1
2026-08-12 09:00:00+00:00,-0.0072227526195441745,0.08667303143453009,sell,0.0017472610502456422,-1,1
2026-08-12 10:00:00+00:00,-0.0017308322938393154,0.020769987526071784,sell,0.0033522420737806813,-1,1
2026-08-12 11:00:00+00:00,-0.0031651733611214638,0.03798208033345757,sell,-0.0022186607641589712,-1,-1
2026-08-12 12:00:00+00:00,0.002003550628024896,0.024042607536298756,buy,-0.005231986271268025,1,-1
2026-08-12 13:00:00+00:00,0.005211743837633516,0.06254092605160219,buy,-0.007116108808617157,1,-1
2026-08-12 14:00:00+00:00,0.006736158874404031,0.08083390649284837,buy,0.0026274108878636057,1,1
2026-08-12 15:00:00+00:00,-0.001984864505463759,0.023818374065565112,sell,-0.0010830801743494675,-1,-1
2026-08-12 16:00:00+00:00,0.0013270039924921729,0.015924047909906074,buy,-0.0013539958745437909,1,-1
2026-08-12 17:00:00+00:00,0.0016128025919879187,0.019353631103855025,buy,-0.0013717203173494261,1,-1
2026-08-12 18:00:00+00:00,0.001337468149313608,0.016049617791763296,buy,-0.003272254779772398,1,-1
2026-08-12 19:00:00+00:00,0.003581078510245046,0.042972942122940554,buy,0.003841692473049516,1,1
2026-08-12 20:00:00+00:00,-0.0038496213112582107,0.04619545573509853,sell,-0.004584967666701931,-1,-1
2026-08-12 21:00:00+00:00,0.00446817829283333,0.05361813951399996,buy,0.00026624777017492476,1,1
2026-08-12 22:00:00+00:00,-0.00025224456319013824,0.003026934758281659,hold,0.0007240011711783119,-1,1
2026-08-12 23:00:00+00:00,-0.0008666757769176865,0.010400109323012238,sell,0.00025534495507525663,-1,1
2026-08-13 00:00:00+00:00,-0.0004824440953277288,0.005789329143932745,hold,-0.0011700322822543574,-1,-1
2026-08-13 01:00:00+00:00,0.00132093895973228,0.015851267516787358,buy,0.0020446304490200928,1,1
2026-08-13 02:00:00+00:00,-0.002083169742950396,0.02499803691540475,sell,0.0029703549016169136,-1,1
2026-08-13 03:00:00+00:00,-0.0030998462923056847,0.03719815550766822,sell,0.002569509197253491,-1,1
2026-08-13 04:00:00+00:00,-0.0023714049087461284,0.02845685890495354,sell,0.0018178263236048207,-1,1
2026-08-13 05:00:00+00:00,-0.0016492334528095752,0.0197908014337149,sell,0.001482216044856787,-1,1
2026-08-13 06:00:00+00:00,-0.0014814856837716975,0.01777782820526037,sell,-0.0016064299333199664,-1,-1
2026-08-13 07:00:00+00:00,0.001218321683657095,0.01461986020388514,buy,-0.0029120528389877357,1,-1
2026-08-13 08:00:00+00:00,0.0028926657146917246,0.034711988576300694,buy,-0.00014285336366761823,1,-1
2026-08-13 09:00:00+00:00,0.0003003982720638361,0.003604779264766033,buy,-0.003497761644212501,1,-1
2026-08-13 10:00:00+00:00,0.003261258856213093,0.039135106274557116,buy,-0.0014762342220829626,1,-1
2026-08-13 11:00:00+00:00,0.0017379163845915129,0.020854996615098154,buy,0.004600109551741853,1,1
2026-08-13 12:00:00+00:00,-0.004635005550558373,0.05562006660670048,sell,0.0007146487104561769,-1,1
2026-08-13 13:00:00+00:00,-0.0004250970822235522,0.005101164986682626,hold,0.00160813377133817,-1,1
2026-08-13 14:00:00+00:00,-0.0011520783818977029,0.013824940582772435,sell,-0.007087666298727744,-1,-1
2026-08-13 15:00:00+00:00,0.007330550302461792,0.0879666036295415,buy,-0.0027446662517753,1,-1
2026-08-13 16:00:00+00:00,0.003127686853621485,0.03753224224345782,buy,0.00113609088727104,1,1
2026-08-13 17:00:00+00:00,-0.0015129749705597227,0.01815569964671667,sell,0.004549862012381572,-1,1
2026-08-13 18:00:00+00:00,-0.0043044928428911024,0.05165391411469323,sell,0.0010023760023760554,-1,1
2026-08-13 19:00:00+00:00,-0.0008870513140014584,0.010644615768017502,sell,-0.0005192300560026799,-1,-1
2026-08-13 20:00:00+00:00,0.0008417643703386956,0.010101172444064348,buy,0.0012351372698695033,1,1
2026-08-13 21:00:00+00:00,-0.001168613106876366,0.014023357282516392,sell,0.00033884665071268986,-1,1
2026-08-13 22:00:00+00:00,-0.0002999082792874412,0.003598899351449294,hold,-0.0017201227903038,-1,-1
2026-08-13 23:00:00+00:00,0.0019789802741483173,0.02374776328977981,buy,0.001723086711025104,1,1
2026-08-14 00:00:00+00:00,-0.0018163739854133425,0.02179648782496011,sell,5.292685508622263e-06,-1,1
2026-08-14 01:00:00+00:00,-8.490895314037977e-05,0.0010189074376845573,hold,-0.0014766514414553701,-1,-1
2026-08-14 02:00:00+00:00,0.001458051584597751,0.017496619015173014,buy,-0.001918775376069315,1,-1
2026-08-14 03:00:00+00:00,0.002187181681758633,0.026246180181103595,buy,0.000939989378651079,1,1
2026-08-14 04:00:00+00:00,-0.0006767918550405759,0.00812150226048691,sell,-0.0003713981016251561,-1,-1
2026-08-14 05:00:00+00:00,0.0005499120230794403,0.006598944276953284,buy,-0.005955192747615549,1,-1
2026-08-14 06:00:00+00:00,0.005955336420720091,0.0714640370486411,buy,0.00029367007501945267,1,1
2026-08-14 07:00:00+00:00,0.00010990931823395593,0.0013189118188074711,buy,0.002834418703960684,1,1
2026-08-14 08:00:00+00:00,-0.0026090937010746994,0.03130912441289639,sell,-0.0029222179048389633,-1,-1
2026-08-14 09:00:00+00:00,0.0027159391475659912,0.032591269770791895,buy,0.0015855051729108311,1,1
2026-08-14 10:00:00+00:00,-0.0012280926217090307,0.014737111460508368,sell,0.0010713200688629567,-1,1
2026-08-14 11:00:00+00:00,-0.0009069687194076168,0.0108836246328914,sell,-0.0024970716643595223,-1,-1
2026-08-14 12:00:00+00:00,0.002711059655183178,0.032532715862198136,buy,-0.001889501523877622,1,-1
2026-08-14 13:00:00+00:00,0.0022204759300114524,0.026645711160137427,buy,-0.0016256945298587483,1,-1
2026-08-14 14:00:00+00:00,0.00167497084903447,0.02009965018841364,buy,0.007836394508631755,1,1
2026-08-14 15:00:00+00:00,-0.007265896078955168,0.08719075294746201,sell,0.002046174450987551,-1,1
2026-08-14 16:00:00+00:00,-0.0019440175780834708,0.02332821093700165,sell,-0.003627858131653139,-1,-1
2026-08-14 17:00:00+00:00,0.0037874692598083098,0.045449631117699715,buy,-0.0014958186279989277,1,-1
2026-08-14 18:00:00+00:00,0.00182321255787269,0.02187855069447228,buy,0.0027348914573293542,1,1
2026-08-14 19:00:00+00:00,-0.0027825477456141657,0.03339057294736999,sell,-0.00024988170493757064,-1,-1
2026-08-14 20:00:00+00:00,0.00037331669935330476,0.004479800392239657,buy,-0.000521160166345826,1,-1
2026-08-14 21:00:00+00:00,0.000710529571408018,0.008526354856896217,buy,0.00017558421657511134,1,1
2026-08-14 22:00:00+00:00,-4.357439273561437e-05,0.0005228927128273724,hold,0.001292711342345108,-1,1
2026-08-14 23:00:00+00:00,-0.001141521513094786,0.013698258157137433,sell,0.00011157156518969098,-1,1
2026-08-15 00:00:00+00:00,0.00015562160938888112,0.0018674593126665733,buy,0.0008446618961862283,1,1
2026-08-15 01:00:00+00:00,-0.00048612308729988133,0.005833477047598576,hold,0.0004989384288747636,-1,1
2026-08-15 02:00:00+00:00,-0.0002271813529947577,0.0027261762359370926,hold,-0.0011989771557715317,-1,-1
2026-08-15 03:00:00+00:00,0.0015596625287813577,0.018715950345376292,buy,0.0008976565321774423,1,1
2026-08-15 04:00:00+00:00,-0.0004619658409265259,0.005543590091118311,hold,-0.0019688277779840524,-1,-1
2026-08-15 05:00:00+00:00,0.00224345169179646,0.02692142030155752,buy,0.0007975923346059361,1,1
2026-08-15 06:00:00+00:00,-0.0005301097078984351,0.006361316494781222,sell,-0.0009350958473243458,-1,-1
2026-08-15 07:00:00+00:00,0.0011115056758761975,0.01333806811051437,buy,-0.0017815358434376388,1,-1
2026-08-15 08:00:00+00:00,0.0019743760286061967,0.02369251234327436,buy,0.0018060254122160306,1,1
2026-08-15 09:00:00+00:00,-0.0017755926530206958,0.02130711183624835,sell,0.0003031205462550979,-1,1
2026-08-15 10:00:00+00:00,-0.00021682096071024554,0.0026018515285229464,hold,-0.0008080765120865821,-1,-1
2026-08-15 11:00:00+00:00,0.0008893272756978107,0.010671927308373729,buy,0.002325098830001698,1,1
2026-08-15 12:00:00+00:00,-0.0022700330835539973,0.027240397002647968,sell,0.0,-1,0
2026-08-15 13:00:00+00:00,6.870195737381986e-05,0.0008244234884858383,buy,-0.00015924750246831216,1,-1
2026-08-15 14:00:00+00:00,0.0003051195659081483,0.00366143479089778,buy,0.0007167278982353291,1,1
2026-08-15 15:00:00+00:00,-0.0006443434136609446,0.007732120963931335,sell,3.7137051636383876e-05,-1,1
2026-08-15 16:00:00+00:00,0.00016880056902559103,0.0020256068283070923,buy,-0.0002599497076892111,1,-1
2026-08-15 17:00:00+00:00,0.0003925767939758076,0.004710921527709691,buy,-0.0008861814071712096,1,-1
2026-08-15 18:00:00+00:00,0.001025005906905508,0.012300070882866096,buy,0.0009188345141861772,1,1
2026-08-15 19:00:00+00:00,-0.0007525106277960784,0.00903012753355294,sell,-0.0005996126396221283,-1,-1
2026-08-15 20:00:00+00:00,0.0006932195152717274,0.00831863418326073,buy,0.000929160781981714,1,1
2026-08-15 21:00:00+00:00,-0.0008804763601328688,0.010565716321594426,sell,-0.00017505052594734405,-1,-1
2026-08-15 22:00:00+00:00,0.0002860608315499278,0.003432729978599134,buy,-0.0011672078266589303,1,-1
2026-08-15 23:00:00+00:00,0.0012829587009470036,0.015395504411364044,buy,-3.7181829771046885e-05,1,-1
2026-08-16 00:00:00+00:00,6.318511811148615e-05,0.0007582214173378339,buy,-0.0010783131570140673,1,-1
2026-08-16 01:00:00+00:00,0.0011086558089197585,0.013303869707037102,buy,0.001685686026354171,1,1
2026-08-16 02:00:00+00:00,-0.0017728095689786311,0.021273714827743574,sell,-0.00021765558392750574,-1,-1
2026-08-16 03:00:00+00:00,0.00030583913302975043,0.003670069596357005,buy,-0.0008495725588063023,1,-1
2026-08-16 04:00:00+00:00,0.0009771803466319033,0.01172616415958284,buy,-0.0010044109050327363,1,-1
2026-08-16 05:00:00+00:00,0.0010990523561951592,0.013188628274341911,buy,0.000409615865433199,1,1
2026-08-16 06:00:00+00:00,-0.00038165266637006114,0.004579831996440733,hold,0.0005104808091121018,-1,1
2026-08-16 07:00:00+00:00,-0.0004657229629442059,0.00558867555533047,hold,-0.00031888771963386857,-1,-1
2026-08-16 08:00:00+00:00,0.00032627105729369257,0.003915252687524311,buy,-0.00027114102523205996,1,-1
2026-08-16 09:00:00+00:00,0.0003101951338626633,0.0037223416063519596,buy,0.00019144557361874673,1,1
2026-08-16 10:00:00+00:00,-9.519967542811229e-05,0.0011423961051373476,hold,7.97537205111102e-05,-1,1
2026-08-16 11:00:00+00:00,-5.715778861110763e-05,0.0006858934633332916,hold,-0.0005901304666816206,-1,-1
2026-08-16 12:00:00+00:00,0.000633493029766847,0.007601916357202164,buy,0.0011330811828729774,1,1
2026-08-16 13:00:00+00:00,-0.0010578245023994915,0.012693894028793899,sell,0.0008182958192522496,-1,1
2026-08-16 14:00:00+00:00,-0.000752500704659516,0.009030008455914191,sell,0.000297318821343215,-1,1
2026-08-16 15:00:00+00:00,-0.0001264640135925011,0.0015175681631100133,hold,0.0029298429986306072,-1,1
2026-08-16 16:00:00+00:00,-0.0027263552762078203,0.03271626331449384,sell,-0.002333851967103724,-1,-1
2026-08-16 17:00:00+00:00,0.002511295091826531,0.03013554110191837,buy,0.000169745964554887,1,1
2026-08-16 18:00:00+00:00,5.1248247066122696e-05,0.0006149789647934723,buy,0.00018032447798711112,1,1
2026-08-16 19:00:00+00:00,-0.00019863236255976803,0.0023835883507172164,hold,-0.002030935980443586,-1,-1
2026-08-16 20:00:00+00:00,0.0023070151139521393,0.027684181367425672,buy,-0.0034218916046759055,1,-1
2026-08-16 21:00:00+00:00,0.003585314317959723,0.04302377181551667,buy,0.0002612553050822203,1,1
2026-08-16 22:00:00+00:00,-0.0005313618815195262,0.006376342578234314,sell,-2.6651741691295287e-05,-1,-1
2026-08-16 23:00:00+00:00,-0.00022132934537776315,0.0026559521445331576,hold,0.0015618336886993943,-1,1
2026-08-17 00:00:00+00:00,-0.0014383022943026097,0.017259627531631315,sell,0.00676981047723972,-1,1
2026-08-17 01:00:00+00:00,-0.0067975856611713235,0.08157102793405588,sell,0.0056617238918403555,-1,1
2026-08-17 02:00:00+00:00,-0.0055819222076819155,0.06698306649218298,sell,-0.000756954519649187,-1,-1
2026-08-17 03:00:00+00:00,0.0009478420189096529,0.011374104226915835,buy,0.001273067777707555,1,1
2026-08-17 04:00:00+00:00,-0.001083748811120563,0.013004985733446755,sell,-0.0019386972374876939,-1,-1
2026-08-17 05:00:00+00:00,0.0020747412397256163,0.024896894876707397,buy,0.00389545442581521,1,1
2026-08-17 06:00:00+00:00,-0.003937609229902111,0.047251310758825334,sell,-0.003209145014551213,-1,-1
2026-08-17 07:00:00+00:00,0.0032706452953188488,0.03924774354382619,buy,-0.00341937893557364,1,-1
2026-08-17 08:00:00+00:00,0.0033056002285472706,0.03966720274256725,buy,-0.000216423937543262,1,-1
2026-08-17 09:00:00+00:00,-2.5736971040767308e-05,0.0003088436524892077,hold,0.006937624734691344,-1,1
2026-08-17 10:00:00+00:00,-0.006699680584474468,0.08039616701369362,sell,-0.0014157176115271112,-1,-1
2026-08-17 11:00:00+00:00,0.0010382707556424856,0.012459249067709828,buy,-0.0027514361026222704,1,-1
2026-08-17 12:00:00+00:00,0.0025070702045689396,0.030084842454827274,buy,0.003001232084750606,1,1
2026-08-17 13:00:00+00:00,-0.0031510093231877975,0.03781211187825357,sell,0.002462045650210942,-1,1
2026-08-17 14:00:00+00:00,-0.002626474138964465,0.03151768966757358,sell,0.0018904383617597978,-1,1
2026-08-17 15:00:00+00:00,-0.0027790977435438635,0.033349172922526364,sell,-0.00313607426223853,-1,-1
2026-08-17 16:00:00+00:00,0.0023968639232244417,0.0287623670786933,buy,0.0008861064795881202,1,1
2026-08-17 17:00:00+00:00,-0.00029376445887784606,0.0035251735065341527,hold,0.0005762450822720343,-1,1
2026-08-17 18:00:00+00:00,-4.7653761366414006e-05,0.000571845136396968,hold,-0.0014450186124679927,-1,-1
2026-08-17 19:00:00+00:00,0.0015408406340133279,0.018490087608159934,buy,-0.00027264385895922497,1,-1
2026-08-17 20:00:00+00:00,0.00044847589789950414,0.00538171077479405,buy,-0.00019929407939252498,1,-1
2026-08-17 21:00:00+00:00,0.0005196375769572756,0.006235650923487306,buy,-0.0009442127626091508,1,-1
2026-08-17 22:00:00+00:00,0.0011113453946020647,0.013336144735224776,buy,0.004751778635373161,1,1
2026-08-17 23:00:00+00:00,-0.004576955551910678,0.054923466622928144,sell,-0.001823787625418065,-1,-1
2026-08-18 00:00:00+00:00,0.0009179452994006685,0.011015343592808022,buy,-0.0044866526011590625,1,-1
2026-08-18 01:00:00+00:00,0.004240750492246685,0.050889005906960216,buy,-0.004391177677040667,1,-1
2026-08-18 02:00:00+00:00,0.004253556393074115,0.05104267671688938,buy,0.0007923135026067114,1,1
2026-08-18 03:00:00+00:00,-0.0010566898023563057,0.012680277628275668,sell,0.0010397479271015454,-1,1
2026-08-18 04:00:00+00:00,-0.0017539211125939256,0.021047053351127106,sell,-0.0005430599053072099,-1,-1
2026-08-18 05:00:00+00:00,0.0001761268535041671,0.0021135222420500055,buy,0.00379820956621272,1,1
2026-08-18 06:00:00+00:00,-0.0040837699491036465,0.049005239389243754,sell,-0.0020968767572510467,-1,-1
2026-08-18 07:00:00+00:00,0.002047876181627796,0.02457451417953355,buy,0.0007688904805039058,1,1
2026-08-18 08:00:00+00:00,-0.0011919623706514114,0.014303548447816937,sell,-0.0017734041993368894,-1,-1
2026-08-18 09:00:00+00:00,0.001316028628551596,0.01579234354261915,buy,0.0005746126636195949,1,1
2026-08-18 10:00:00+00:00,-0.0008601883499302977,0.010322260199163573,sell,0.0026817420259006323,-1,1
2026-08-18 11:00:00+00:00,-0.002897196915458237,0.034766362985498844,sell,-0.0019074041962891697,-1,-1
2026-08-18 12:00:00+00:00,0.001855598485276217,0.022267181823314604,buy,-0.0008633941920947313,1,-1
2026-08-18 13:00:00+00:00,0.0006421600715666524,0.007705920858799828,buy,0.006944737174893597,1,1
2026-08-18 14:00:00+00:00,-0.007353467734669355,0.08824161281603225,sell,0.0034955154838777532,-1,1
2026-08-18 15:00:00+00:00,-0.00387644384373172,0.04651732612478064,sell,0.00040152265734994094,-1,1
2026-08-18 16:00:00+00:00,-0.0016073360652742842,0.01928803278329141,sell,-0.003695653307062356,-1,-1
2026-08-18 17:00:00+00:00,0.002776028469583231,0.03331234163499877,buy,0.002731011101926252,1,1
2026-08-18 18:00:00+00:00,-0.002387899004267239,0.02865478805120687,sell,-0.001732234164666564,-1,-1
2026-08-18 19:00:00+00:00,0.0013989473478584313,0.016787368174301175,buy,-0.00013589228968054383,1,-1
2026-08-18 20:00:00+00:00,0.0003845561922984846,0.004614674307581815,buy,-0.0004181869504761866,1,-1
2026-08-18 21:00:00+00:00,0.0006210680762807198,0.007452816915368638,buy,0.0006275428559475612,1,1
2026-08-18 22:00:00+00:00,-0.0004236459790619343,0.005083751748743212,hold,0.002315226139582442,-1,1
2026-08-18 23:00:00+00:00,-0.002166826266841037,0.02600191520209244,sell,-0.002205594806684578,-1,-1
2026-08-19 00:00:00+00:00,0.0015433802692237674,0.01852056323068521,buy,3.1354187351811126e-05,1,1
2026-08-19 01:00:00+00:00,0.00012188359542485147,0.0014626031450982175,buy,-0.0031248693616487697,1,-1
2026-08-19 02:00:00+00:00,0.003438288838556997,0.041259466062683964,buy,0.0023326518844682315,1,1
2026-08-19 03:00:00+00:00,-0.0022450455847954263,0.026940547017545113,sell,-0.0006798629814607545,-1,-1
2026-08-19 04:00:00+00:00,0.0006267208461252055,0.007520650153502466,buy,-0.00030352984274010375,1,-1
2026-08-19 05:00:00+00:00,0.00027730260286255236,0.0033276312343506285,buy,0.003852858496442978,1,1
2026-08-19 06:00:00+00:00,-0.003815560581384952,0.045786726976619424,sell,-0.0008447927911015775,-1,-1
2026-08-19 07:00:00+00:00,-8.316200896104396e-05,0.0009979441075325275,hold,0.0028757678717751946,-1,1
2026-08-19 08:00:00+00:00,-0.003105616224209654,0.03726739469051585,sell,-0.0011553353595070712,-1,-1
2026-08-19 09:00:00+00:00,0.00028217242091141794,0.0033860690509370153,buy,0.00047934142656180524,1,1
2026-08-19 10:00:00+00:00,-0.0008350547245838688,0.010020656695006427,sell,0.0014789971982376593,-1,1
2026-08-19 11:00:00+00:00,-0.0021015439064081603,0.025218526876897924,sell,0.007358064750969856,-1,1
2026-08-19 12:00:00+00:00,-0.00815460050654528,0.09785520607854335,sell,-0.0022248491387097656,-1,-1
2026-08-19 13:00:00+00:00,0.0011744879709224476,0.014093855651069371,buy,0.019504371669512036,1,1
2026-08-19 14:00:00+00:00,-0.018960238306410745,0.22752285967692892,sell,0.058474576271186456,-1,1
2026-08-19 15:00:00+00:00,-0.056454885685087816,0.6774586282210537,sell,0.0017834626983024766,-1,1
2026-08-19 16:00:00+00:00,-0.004850717000901443,0.058208604010817316,sell,0.0007035007537507117,-1,1
2026-08-19 17:00:00+00:00,-0.003656546290688718,0.043878555488264616,sell,0.00043519430708451116,-1,1
2026-08-19 18:00:00+00:00,-0.003715462115872179,0.04458554539046615,sell,0.004823297146654117,-1,1
2026-08-19 19:00:00+00:00,-0.007831357820514072,0.09397629384616887,sell,0.055232585798422426,-1,1
2026-08-19 20:00:00+00:00,-0.05501496568965758,0.660179588275891,sell,0.030602492200602363,-1,1
2026-08-19 21:00:00+00:00,-0.033608806581739196,0.40330567898087033,sell,-0.015752405949256438,-1,-1
2026-08-19 22:00:00+00:00,0.011002415893848226,0.1320289907261787,buy,0.0012488944395310203,1,1
2026-08-19 23:00:00+00:00,0.0003854002687148588,0.004624803224578306,buy,0.004190340909090731,1,1
2026-08-20 00:00:00+00:00,-0.0028059625167792704,0.03367155020135124,sell,0.001953815687106617,-1,1
2026-08-20 01:00:00+00:00,-0.0021691167231411655,0.026029400677693985,sell,-0.00651619563586951,-1,-1
2026-08-20 02:00:00+00:00,0.004909048198431397,0.05890857838117677,buy,-0.0003019685686245049,1,-1
2026-08-20 03:00:00+00:00,0.0014245143917763893,0.017094172701316673,buy,-0.0004131111713255699,1,-1
2026-08-20 04:00:00+00:00,-9.264112067708366e-06,0.00011116934481250039,hold,-0.0008532271539542068,-1,-1
2026-08-20 05:00:00+00:00,0.0015827663325395625,0.01899319599047475,buy,0.006404668291554773,1,1
2026-08-20 06:00:00+00:00,-0.005816882986875011,0.06980259584250013,sell,-0.0048392228959325215,-1,-1
2026-08-20 07:00:00+00:00,0.00356724415539222,0.04280692986470664,buy,0.01351801439730708,1,1
2026-08-20 08:00:00+00:00,-0.013292315318349597,0.15950778382019518,sell,-0.0016168255011502046,-1,-1
2026-08-20 09:00:00+00:00,-0.0034422200586712412,0.041306640704054896,sell,0.003704093813636707,-1,1
2026-08-20 10:00:00+00:00,-0.007658462026101534,0.0919015443132184,sell,0.00418889374726713,-1,1
2026-08-20 11:00:00+00:00,-0.009997411610520007,0.11996893932624009,sell,-0.0027649809717057144,-1,-1
2026-08-20 12:00:00+00:00,-0.002617765800684316,0.031413189608211795,sell,-0.005816009745746132,-1,-1
2026-08-20 13:00:00+00:00,0.0014872103736458292,0.017846524483749952,buy,0.0019017001111154713,1,1
2026-08-20 14:00:00+00:00,-0.0031753418818948292,0.03810410258273795,sell,0.019800634742508493,-1,1
2026-08-20 15:00:00+00:00,-0.02140245665453074,0.2568294798543689,sell,0.007767332499430524,-1,1
2026-08-20 16:00:00+00:00,-0.013235838763837365,0.15883006516604836,sell,-9.383743943211284e-05,-1,-1
2026-08-20 17:00:00+00:00,-0.005938291373736217,0.07125949648483461,sell,-0.011892878776245001,-1,-1
2026-08-20 18:00:00+00:00,0.0060660994037756025,0.07279319284530723,buy,0.003190322831314323,1,1
2026-08-20 19:00:00+00:00,-0.0028414317499305427,0.03409718099916651,sell,-0.002233439626124812,-1,-1
2026-08-20 20:00:00+00:00,0.0008131147838706727,0.009757377406448072,buy,9.919864744801482e-05,1,1
2026-08-20 21:00:00+00:00,-0.0008112858695906699,0.009735430435088038,sell,-0.0018932124667393503,-1,-1
2026-08-20 22:00:00+00:00,0.0008925923658666803,0.010711108390400164,buy,0.005357713811667757,1,1
2026-08-20 23:00:00+00:00,-0.0058982280474923965,0.07077873656990875,sell,0.006016795454740805,-1,1
2026-08-21 00:00:00+00:00,-0.008066904258522724,0.09680285110227269,sell,0.007924573440076438,-1,1
2026-08-21 01:00:00+00:00,-0.013184539293688692,0.1582144715242643,sell,-0.005772727465382662,-1,-1
2026-08-21 02:00:00+00:00,-0.0005470383186324613,0.006564459823589535,sell,-0.0020078866034317537,-1,-1
2026-08-21 03:00:00+00:00,-0.0008291040037626377,0.009949248045151652,sell,0.005715408536377042,-1,1
2026-08-21 04:00:00+00:00,-0.0074659476265854135,0.08959137151902496,sell,0.005946262773846637,-1,1
2026-08-21 05:00:00+00:00,-0.011026632592418364,0.13231959110902036,sell,0.0017100007600002226,-1,1
2026-08-21 06:00:00+00:00,-0.008210909064774357,0.09853090877729229,sell,-0.00034141632981658164,-1,-1
2026-08-21 07:00:00+00:00,-0.005918357455481021,0.07102028946577225,sell,0.030586171710953496,-1,1
2026-08-21 08:00:00+00:00,-0.03552395122944352,0.4262874147533222,sell,-0.01644709925538001,-1,-1
2026-08-21 09:00:00+00:00,0.0095911816947669,0.11509418033720278,buy,-0.00360648918469221,1,-1
2026-08-21 10:00:00+00:00,0.005450890745286133,0.0654106889434336,buy,-0.010378528219493819,1,-1
2026-08-21 11:00:00+00:00,0.012717209783122015,0.15260651739746417,buy,0.007656709428931854,1,1
2026-08-21 12:00:00+00:00,-0.006114312336821383,0.07337174804185659,sell,-0.000406092220612655,-1,-1
2026-08-21 13:00:00+00:00,0.0011444354694884402,0.013733225633861281,buy,0.0025213075618285685,1,1
2026-08-21 14:00:00+00:00,-0.0017341553019194836,0.020809863623033803,sell,-8.355370623344827e-06,-1,-1
2026-08-21 15:00:00+00:00,7.0326274439927336e-06,8.43915293279128e-05,buy,0.005146951308670737,1,1
2026-08-21 16:00:00+00:00,-0.003462329943571581,0.04154795932285897,sell,0.007331762241424593,-1,1
2026-08-21 17:00:00+00:00,-0.007418553230227544,0.08902263876273053,sell,-0.0011965621531517408,-1,-1
2026-08-21 18:00:00+00:00,-0.001700825948895839,0.02040991138675007,sell,-0.002957809898748654,-1,-1
2026-08-21 19:00:00+00:00,0.0006869141827468354,0.008242970192962025,buy,0.011394004681900105,1,1
2026-08-21 20:00:00+00:00,-0.011930465065337377,0.14316558078404854,sell,0.029585629135003295,-1,1
2026-08-21 21:00:00+00:00,-0.03485219649656266,0.41822635795875196,sell,0.003429794649997768,-1,1
2026-08-21 22:00:00+00:00,-0.011547492637972787,0.13856991165567345,sell,-0.002216591524610388,-1,-1
2026-08-21 23:00:00+00:00,-0.0056701472705884964,0.06804176724706196,sell,0.002440090609227784,-1,1
2026-08-22 00:00:00+00:00,-0.008460710197297381,0.10152852236756857,sell,-0.006125021804284848,-1,-1
2026-08-22 01:00:00+00:00,-0.0019725619248999213,0.023670743098799053,sell,0.0036019290064979123,-1,1
2026-08-22 02:00:00+00:00,-0.007247832159527092,0.0869739859143251,sell,-0.0003815549955882848,-1,-1
2026-08-22 03:00:00+00:00,-0.005706978492124085,0.06848374190548902,sell,-0.000250491041963257,-1,-1
2026-08-22 04:00:00+00:00,-0.0054555276367432804,0.06546633164091936,sell,-0.02962102742967592,-1,-1
2026-08-22 05:00:00+00:00,0.024788714447491395,0.29746457336989673,buy,-0.0008893624869360513,1,-1
2026-08-22 06:00:00+00:00,-0.00015306262260563597,0.0018367514712676317,hold,-0.0018336355208428382,-1,-1
2026-08-22 07:00:00+00:00,0.0008606629421202395,0.010327955305442874,buy,-0.00311098873550849,1,-1
2026-08-22 08:00:00+00:00,0.0032951625056291778,0.03954195006755013,buy,-0.0015706547280417299,1,-1
2026-08-22 09:00:00+00:00,0.000335598699196872,0.004027184390362464,buy,-0.003798623411906958,1,-1
2026-08-22 10:00:00+00:00,0.0031899341195565606,0.038279209434678725,buy,0.004642044489022733,1,1
2026-08-22 11:00:00+00:00,-0.0057377745919754445,0.06885329510370533,sell,0.0017285977730380228,-1,1
2026-08-22 12:00:00+00:00,-0.003004277624453551,0.03605133149344261,sell,0.000811327282012526,-1,1
2026-08-22 13:00:00+00:00,-0.0017907542321822147,0.021489050786186577,sell,-0.00664584439259455,-1,-1
2026-08-22 14:00:00+00:00,0.004998477785581602,0.059981733426979225,buy,-0.0012593519308681921,1,-1
2026-08-22 15:00:00+00:00,0.0006041461090628244,0.0072497533087538925,buy,0.004865402961549636,1,1
2026-08-22 16:00:00+00:00,-0.005770564053943311,0.06924676864731974,sell,0.0015231380772136292,-1,1
2026-08-22 17:00:00+00:00,-0.002974074801026104,0.03568889761231325,sell,0.0003338389000626238,-1,1
2026-08-22 18:00:00+00:00,-0.002374999254639535,0.028499991055674422,sell,0.005059473534586011,-1,1
2026-08-22 19:00:00+00:00,-0.006806566119333223,0.08167879343199867,sell,-0.0031032093825964923,-1,-1
2026-08-22 20:00:00+00:00,0.0012004810144410072,0.014405772173292086,buy,-0.009992433712744334,1,-1
2026-08-22 21:00:00+00:00,0.008415503259298445,0.10098603911158134,buy,0.002749694709122129,1,1
2026-08-22 22:00:00+00:00,-0.003536030645447748,0.04243236774537298,sell,0.0034960400304868172,-1,1
2026-08-22 23:00:00+00:00,-0.00450724480587706,0.05408693767052472,sell,0.003450837942706236,-1,1
2026-08-23 00:00:00+00:00,-0.005388951735168234,0.0646674208220188,sell,-0.0031715865337150905,-1,-1
2026-08-23 01:00:00+00:00,0.000953203936940606,0.011438447243287271,buy,-0.0025998142989787196,1,-1
2026-08-23 02:00:00+00:00,0.0010080172033639797,0.012096206440367756,buy,-0.001228821448519746,1,-1
2026-08-23 03:00:00+00:00,-0.0002689152035758754,0.003226982442910505,hold,-0.014631438537187617,-1,-1
2026-08-23 04:00:00+00:00,0.013535458995208086,0.16242550794249705,buy,-0.002383695021566795,1,-1
2026-08-23 05:00:00+00:00,0.001318234554712052,0.015818814656544625,buy,0.007163957707364971,1,1
2026-08-23 06:00:00+00:00,-0.009170502006631689,0.11004602407958027,sell,-0.0004058594387423378,-1,-1
2026-08-23 07:00:00+00:00,-0.0010226563107843224,0.01227187572941187,sell,0.009811554528635195,-1,1
2026-08-23 08:00:00+00:00,-0.011202483778533522,0.13442980534240226,sell,-0.0005222884524511156,-1,-1
2026-08-23 09:00:00+00:00,-0.0012307824961241753,0.014769389953490104,sell,0.0016381884538819978,-1,1
2026-08-23 10:00:00+00:00,-0.0036672830912370213,0.044007397094844254,sell,0.0076724013001261806,-1,1
2026-08-23 11:00:00+00:00,-0.009233134383848977,0.11079761260618773,sell,-0.0027242694191511024,-1,-1
2026-08-23 12:00:00+00:00,0.0005283235189721431,0.006339882227665717,buy,0.013473146412311166,1,1
2026-08-23 13:00:00+00:00,-0.015739041438055726,0.1888684972566687,sell,-0.008456143917064816,-1,-1
2026-08-23 14:00:00+00:00,0.00786338596292779,0.09436063155513348,buy,-0.00013530412677583684,1,-1
2026-08-23 15:00:00+00:00,-0.003499443686233071,0.04199332423479685,sell,0.004896211791915122,-1,1
2026-08-23 16:00:00+00:00,-0.006630979960438289,0.07957175952525947,sell,-0.004260250718203209,-1,-1
2026-08-23 17:00:00+00:00,0.003632144513854115,0.043585734166249376,buy,0.0035080241955313452,1,1
2026-08-23 18:00:00+00:00,-0.005070355099180576,0.06084426119016692,sell,-0.001519185847068543,-1,-1
2026-08-23 19:00:00+00:00,-4.938988366230541e-05,0.0005926786039476649,hold,0.0022577056475361484,-1,1
2026-08-23 20:00:00+00:00,-0.0032963147019317057,0.03955577642318047,sell,0.0079535437955012,-1,1
2026-08-23 21:00:00+00:00,-0.0095082610557069,0.11409913266848279,sell,-0.006040559197075114,-1,-1
2026-08-23 22:00:00+00:00,0.005718241419457821,0.06861889703349384,buy,0.0034052259628112144,1,1
2026-08-23 23:00:00+00:00,-0.0040184550144014165,0.048221460172817,sell,0.0006901003081096013,-1,1
2026-08-24 00:00:00+00:00,-0.0014910010485540655,0.017892012582648786,sell,-0.014486168974204005,-1,-1
